<?xml version="1.0" encoding="UTF-8"?>
<qes:espresso xmlns:xsi="http://www.w3.org/2001/XMLSchema-instance" xmlns:qes="http://www.quantum-espresso.org/ns/qes/qes-1.0" xsi:schemaLocation="http://www.quantum-espresso.org/ns/qes/qes-1.0 http://www.quantum-espresso.org/ns/qes/qes_241015.xsd" Units="Hartree atomic units">
<!-- All quantities are in Hartree atomic units unless otherwise specified -->
  <general_info>
    <xml_format NAME="QEXSD" VERSION="24.10.15">QEXSD_24.10.15</xml_format>
    <creator NAME="PWSCF" VERSION="7.4">XML file generated by PWSCF</creator>
    <created DATE="20Nov2025" TIME="10:25: 4">This run was terminated on:  10:25: 4  20 Nov 2025</created>
    <job></job>
  </general_info>
  <parallel_info>
    <nprocs>1</nprocs>
    <nthreads>1</nthreads>
    <ntasks>1</ntasks>
    <nbgrp>1</nbgrp>
    <npool>1</npool>
    <ndiag>1</ndiag>
  </parallel_info>
  <input>
    <control_variables>
      <title></title>
      <calculation>nscf</calculation>
      <restart_mode>from_scratch</restart_mode>
      <prefix>diamond</prefix>
      <pseudo_dir>./pseudo/</pseudo_dir>
      <outdir>output/</outdir>
      <stress>false</stress>
      <forces>false</forces>
      <wf_collect>true</wf_collect>
      <disk_io>low</disk_io>
      <max_seconds>10000000</max_seconds>
      <nstep>1</nstep>
      <etot_conv_thr>5.000000000000000E-005</etot_conv_thr>
      <forc_conv_thr>5.000000000000000E-004</forc_conv_thr>
      <press_conv_thr>5.000000000000000E-001</press_conv_thr>
      <verbosity>low</verbosity>
      <print_every>100000</print_every>
      <fcp>false</fcp>
      <rism>false</rism>
    </control_variables>
    <atomic_species ntyp="1">
      <species name="C">
        <mass>1.201070000000000E+001</mass>
        <pseudo_file>C.upf</pseudo_file>
      </species>
    </atomic_species>
    <atomic_structure nat="2" alat="6.7400000000000002" bravais_index="2">
      <atomic_positions>
        <atom name="C" index="1">0.000000000000000E+000  0.000000000000000E+000  0.000000000000000E+000</atom>
        <atom name="C" index="2">1.685000000000000E+000  1.685000000000000E+000  1.685000000000000E+000</atom>
      </atomic_positions>
      <cell>
        <a1>-3.370000000000000E+000  0.000000000000000E+000  3.370000000000000E+000</a1>
        <a2>0.000000000000000E+000  3.370000000000000E+000  3.370000000000000E+000</a2>
        <a3>-3.370000000000000E+000  3.370000000000000E+000  0.000000000000000E+000</a3>
      </cell>
    </atomic_structure>
    <dft>
      <functional>PBE</functional>
    </dft>
    <spin>
      <lsda>false</lsda>
      <noncolin>false</noncolin>
      <spinorbit>false</spinorbit>
    </spin>
    <bands>
      <nbnd>6</nbnd>
      <tot_charge>0.000000000000000E+000</tot_charge>
      <occupations>tetrahedra</occupations>
    </bands>
    <basis>
      <gamma_only>false</gamma_only>
      <ecutwfc>4.100000000000000E+001</ecutwfc>
      <ecutrho>1.640000000000000E+002</ecutrho>
    </basis>
    <electron_control>
      <diagonalization>davidson</diagonalization>
      <mixing_mode>plain</mixing_mode>
      <mixing_beta>7.000000000000000E-001</mixing_beta>
      <conv_thr>5.000000000000000E-007</conv_thr>
      <mixing_ndim>8</mixing_ndim>
      <max_nstep>100</max_nstep>
      <exx_nstep>100</exx_nstep>
      <real_space_q>false</real_space_q>
      <real_space_beta>false</real_space_beta>
      <tq_smoothing>false</tq_smoothing>
      <tbeta_smoothing>false</tbeta_smoothing>
      <diago_thr_init>0.000000000000000E+000</diago_thr_init>
      <diago_full_acc>false</diago_full_acc>
      <diago_cg_maxiter>20</diago_cg_maxiter>
      <diago_ppcg_maxiter>20</diago_ppcg_maxiter>
      <diago_rmm_ndim>4</diago_rmm_ndim>
      <diago_gs_nblock>16</diago_gs_nblock>
      <diago_rmm_conv>false</diago_rmm_conv>
    </electron_control>
    <k_points_IBZ>
      <monkhorst_pack nk1="10" nk2="10" nk3="10" k1="0" k2="0" k3="0">Monkhorst-Pack</monkhorst_pack>
    </k_points_IBZ>
    <ion_control>
      <ion_dynamics>none</ion_dynamics>
      <upscale>1.000000000000000E+002</upscale>
      <remove_rigid_rot>false</remove_rigid_rot>
      <refold_pos>false</refold_pos>
    </ion_control>
    <cell_control>
      <cell_dynamics>none</cell_dynamics>
      <pressure>0.000000000000000E+000</pressure>
      <wmass>0.000000000000000E+000</wmass>
      <cell_do_free>all</cell_do_free>
    </cell_control>
    <symmetry_flags>
      <nosym>false</nosym>
      <nosym_evc>false</nosym_evc>
      <noinv>false</noinv>
      <no_t_rev>false</no_t_rev>
      <force_symmorphic>false</force_symmorphic>
      <use_all_frac>false</use_all_frac>
    </symmetry_flags>
    <free_positions rank="2" dims="           3           2">
           1           1           1
           1           1           1
    </free_positions>
    <twoch_>
      <twochem>false</twochem>
      <nbnd_cond>0</nbnd_cond>
      <degauss_cond>0.000000000000000E+000</degauss_cond>
      <nelec_cond>0.000000000000000E+000</nelec_cond>
    </twoch_>
  </input>
  <output>
    <convergence_info>
      <scf_conv>
        <convergence_achieved>false</convergence_achieved>
        <n_scf_steps>1</n_scf_steps>
        <scf_error>0.000000000000000E+000</scf_error>
      </scf_conv>
      <wf_collected>true</wf_collected>
    </convergence_info>
    <algorithmic_info>
      <real_space_q>false</real_space_q>
      <real_space_beta>false</real_space_beta>
      <uspp>false</uspp>
      <paw>false</paw>
    </algorithmic_info>
    <atomic_species ntyp="1" pseudo_dir="./pseudo/">
      <species name="C">
        <mass>1.201070000000000E+001</mass>
        <pseudo_file>C.upf</pseudo_file>
      </species>
    </atomic_species>
    <atomic_structure nat="2" num_of_atomic_wfc="8" alat="6.7400000000000002" bravais_index="2">
      <atomic_positions>
        <atom name="C" index="1">
  0.000000000000000E+000  0.000000000000000E+000  0.000000000000000E+000
        </atom>
        <atom name="C" index="2">1.685000000000000E+000  1.685000000000000E+000  1.685000000000000E+000</atom>
      </atomic_positions>
      <cell>
        <a1>-3.370000000000000E+000  0.000000000000000E+000  3.370000000000000E+000</a1>
        <a2>0.000000000000000E+000  3.370000000000000E+000  3.370000000000000E+000</a2>
        <a3>-3.370000000000000E+000  3.370000000000000E+000  0.000000000000000E+000</a3>
      </cell>
    </atomic_structure>
    <symmetries>
      <nsym>48</nsym>
      <colin_mag>0</colin_mag>
      <nrot>48</nrot>
      <space_group>0</space_group>
      <symmetry>
        <info name="identity">crystal_symmetry</info>
        <rotation rank="2" dims="           3           3">
  1.000000000000000E+000  0.000000000000000E+000  0.000000000000000E+000
  0.000000000000000E+000  1.000000000000000E+000  0.000000000000000E+000
  0.000000000000000E+000  0.000000000000000E+000  1.000000000000000E+000
        </rotation>
        <fractional_translation>
  0.000000000000000E+000  0.000000000000000E+000  0.000000000000000E+000
        </fractional_translation>
        <equivalent_atoms size="2" nat="2">
           1           2
        </equivalent_atoms>
      </symmetry>
      <symmetry>
        <info name="180 deg rotation - cart. axis [0,0,1]">crystal_symmetry</info>
        <rotation rank="2" dims="           3           3">
  0.000000000000000E+000  1.000000000000000E+000  0.000000000000000E+000
  1.000000000000000E+000  0.000000000000000E+000  0.000000000000000E+000
 -1.000000000000000E+000 -1.000000000000000E+000 -1.000000000000000E+000
        </rotation>
        <fractional_translation>
  0.000000000000000E+000  0.000000000000000E+000  0.000000000000000E+000
        </fractional_translation>
        <equivalent_atoms size="2" nat="2">
           1           2
        </equivalent_atoms>
      </symmetry>
      <symmetry>
        <info name="180 deg rotation - cart. axis [0,1,0]">crystal_symmetry</info>
        <rotation rank="2" dims="           3           3">
 -1.000000000000000E+000 -1.000000000000000E+000 -1.000000000000000E+000
  0.000000000000000E+000  0.000000000000000E+000  1.000000000000000E+000
  0.000000000000000E+000  1.000000000000000E+000  0.000000000000000E+000
        </rotation>
        <fractional_translation>
  0.000000000000000E+000  0.000000000000000E+000  0.000000000000000E+000
        </fractional_translation>
        <equivalent_atoms size="2" nat="2">
           1           2
        </equivalent_atoms>
      </symmetry>
      <symmetry>
        <info name="180 deg rotation - cart. axis [1,0,0]">crystal_symmetry</info>
        <rotation rank="2" dims="           3           3">
  0.000000000000000E+000  0.000000000000000E+000  1.000000000000000E+000
 -1.000000000000000E+000 -1.000000000000000E+000 -1.000000000000000E+000
  1.000000000000000E+000  0.000000000000000E+000  0.000000000000000E+000
        </rotation>
        <fractional_translation>
  0.000000000000000E+000  0.000000000000000E+000  0.000000000000000E+000
        </fractional_translation>
        <equivalent_atoms size="2" nat="2">
           1           2
        </equivalent_atoms>
      </symmetry>
      <symmetry>
        <info name="180 deg rotation - cart. axis [1,1,0]">crystal_symmetry</info>
        <rotation rank="2" dims="           3           3">
  0.000000000000000E+000 -1.000000000000000E+000  0.000000000000000E+000
 -1.000000000000000E+000  0.000000000000000E+000  0.000000000000000E+000
  0.000000000000000E+000  0.000000000000000E+000 -1.000000000000000E+000
        </rotation>
        <fractional_translation>
  2.500000000000000E-001  2.500000000000000E-001  2.500000000000000E-001
        </fractional_translation>
        <equivalent_atoms size="2" nat="2">
           2           1
        </equivalent_atoms>
      </symmetry>
      <symmetry>
        <info name="180 deg rotation - cart. axis [1,-1,0]">crystal_symmetry</info>
        <rotation rank="2" dims="           3           3">
 -1.000000000000000E+000  0.000000000000000E+000  0.000000000000000E+000
  0.000000000000000E+000 -1.000000000000000E+000  0.000000000000000E+000
  1.000000000000000E+000  1.000000000000000E+000  1.000000000000000E+000
        </rotation>
        <fractional_translation>
  2.500000000000000E-001  2.500000000000000E-001  2.500000000000000E-001
        </fractional_translation>
        <equivalent_atoms size="2" nat="2">
           2           1
        </equivalent_atoms>
      </symmetry>
      <symmetry>
        <info name=" 90 deg rotation - cart. axis [0,0,-1]">crystal_symmetry</info>
        <rotation rank="2" dims="           3           3">
  0.000000000000000E+000  0.000000000000000E+000 -1.000000000000000E+000
  1.000000000000000E+000  1.000000000000000E+000  1.000000000000000E+000
  0.000000000000000E+000 -1.000000000000000E+000  0.000000000000000E+000
        </rotation>
        <fractional_translation>
  2.500000000000000E-001  2.500000000000000E-001  2.500000000000000E-001
        </fractional_translation>
        <equivalent_atoms size="2" nat="2">
           2           1
        </equivalent_atoms>
      </symmetry>
      <symmetry>
        <info name=" 90 deg rotation - cart. axis [0,0,1]">crystal_symmetry</info>
        <rotation rank="2" dims="           3           3">
  1.000000000000000E+000  1.000000000000000E+000  1.000000000000000E+000
  0.000000000000000E+000  0.000000000000000E+000 -1.000000000000000E+000
 -1.000000000000000E+000  0.000000000000000E+000  0.000000000000000E+000
        </rotation>
        <fractional_translation>
  2.500000000000000E-001  2.500000000000000E-001  2.500000000000000E-001
        </fractional_translation>
        <equivalent_atoms size="2" nat="2">
           2           1
        </equivalent_atoms>
      </symmetry>
      <symmetry>
        <info name="180 deg rotation - cart. axis [1,0,1]">crystal_symmetry</info>
        <rotation rank="2" dims="           3           3">
 -1.000000000000000E+000  0.000000000000000E+000  0.000000000000000E+000
  0.000000000000000E+000  0.000000000000000E+000 -1.000000000000000E+000
  0.000000000000000E+000 -1.000000000000000E+000  0.000000000000000E+000
        </rotation>
        <fractional_translation>
  2.500000000000000E-001  2.500000000000000E-001  2.500000000000000E-001
        </fractional_translation>
        <equivalent_atoms size="2" nat="2">
           2           1
        </equivalent_atoms>
      </symmetry>
      <symmetry>
        <info name="180 deg rotation - cart. axis [-1,0,1]">crystal_symmetry</info>
        <rotation rank="2" dims="           3           3">
  1.000000000000000E+000  1.000000000000000E+000  1.000000000000000E+000
  0.000000000000000E+000 -1.000000000000000E+000  0.000000000000000E+000
  0.000000000000000E+000  0.000000000000000E+000 -1.000000000000000E+000
        </rotation>
        <fractional_translation>
  2.500000000000000E-001  2.500000000000000E-001  2.500000000000000E-001
        </fractional_translation>
        <equivalent_atoms size="2" nat="2">
           2           1
        </equivalent_atoms>
      </symmetry>
      <symmetry>
        <info name=" 90 deg rotation - cart. axis [0,1,0]">crystal_symmetry</info>
        <rotation rank="2" dims="           3           3">
  0.000000000000000E+000 -1.000000000000000E+000  0.000000000000000E+000
  1.000000000000000E+000  1.000000000000000E+000  1.000000000000000E+000
 -1.000000000000000E+000  0.000000000000000E+000  0.000000000000000E+000
        </rotation>
        <fractional_translation>
  2.500000000000000E-001  2.500000000000000E-001  2.500000000000000E-001
        </fractional_translation>
        <equivalent_atoms size="2" nat="2">
           2           1
        </equivalent_atoms>
      </symmetry>
      <symmetry>
        <info name=" 90 deg rotation - cart. axis [0,-1,0]">crystal_symmetry</info>
        <rotation rank="2" dims="           3           3">
  0.000000000000000E+000  0.000000000000000E+000 -1.000000000000000E+000
 -1.000000000000000E+000  0.000000000000000E+000  0.000000000000000E+000
  1.000000000000000E+000  1.000000000000000E+000  1.000000000000000E+000
        </rotation>
        <fractional_translation>
  2.500000000000000E-001  2.500000000000000E-001  2.500000000000000E-001
        </fractional_translation>
        <equivalent_atoms size="2" nat="2">
           2           1
        </equivalent_atoms>
      </symmetry>
      <symmetry>
        <info name="180 deg rotation - cart. axis [0,1,1]">crystal_symmetry</info>
        <rotation rank="2" dims="           3           3">
 -1.000000000000000E+000  0.000000000000000E+000  0.000000000000000E+000
  1.000000000000000E+000  1.000000000000000E+000  1.000000000000000E+000
  0.000000000000000E+000  0.000000000000000E+000 -1.000000000000000E+000
        </rotation>
        <fractional_translation>
  2.500000000000000E-001  2.500000000000000E-001  2.500000000000000E-001
        </fractional_translation>
        <equivalent_atoms size="2" nat="2">
           2           1
        </equivalent_atoms>
      </symmetry>
      <symmetry>
        <info name="180 deg rotation - cart. axis [0,1,-1]">crystal_symmetry</info>
        <rotation rank="2" dims="           3           3">
  0.000000000000000E+000  0.000000000000000E+000 -1.000000000000000E+000
  0.000000000000000E+000 -1.000000000000000E+000  0.000000000000000E+000
 -1.000000000000000E+000  0.000000000000000E+000  0.000000000000000E+000
        </rotation>
        <fractional_translation>
  2.500000000000000E-001  2.500000000000000E-001  2.500000000000000E-001
        </fractional_translation>
        <equivalent_atoms size="2" nat="2">
           2           1
        </equivalent_atoms>
      </symmetry>
      <symmetry>
        <info name=" 90 deg rotation - cart. axis [-1,0,0]">crystal_symmetry</info>
        <rotation rank="2" dims="           3           3">
  0.000000000000000E+000 -1.000000000000000E+000  0.000000000000000E+000
  0.000000000000000E+000  0.000000000000000E+000 -1.000000000000000E+000
  1.000000000000000E+000  1.000000000000000E+000  1.000000000000000E+000
        </rotation>
        <fractional_translation>
  2.500000000000000E-001  2.500000000000000E-001  2.500000000000000E-001
        </fractional_translation>
        <equivalent_atoms size="2" nat="2">
           2           1
        </equivalent_atoms>
      </symmetry>
      <symmetry>
        <info name=" 90 deg rotation - cart. axis [1,0,0]">crystal_symmetry</info>
        <rotation rank="2" dims="           3           3">
  1.000000000000000E+000  1.000000000000000E+000  1.000000000000000E+000
 -1.000000000000000E+000  0.000000000000000E+000  0.000000000000000E+000
  0.000000000000000E+000 -1.000000000000000E+000  0.000000000000000E+000
        </rotation>
        <fractional_translation>
  2.500000000000000E-001  2.500000000000000E-001  2.500000000000000E-001
        </fractional_translation>
        <equivalent_atoms size="2" nat="2">
           2           1
        </equivalent_atoms>
      </symmetry>
      <symmetry>
        <info name="120 deg rotation - cart. axis [-1,-1,-1]">crystal_symmetry</info>
        <rotation rank="2" dims="           3           3">
 -1.000000000000000E+000 -1.000000000000000E+000 -1.000000000000000E+000
  0.000000000000000E+000  1.000000000000000E+000  0.000000000000000E+000
  1.000000000000000E+000  0.000000000000000E+000  0.000000000000000E+000
        </rotation>
        <fractional_translation>
  0.000000000000000E+000  0.000000000000000E+000  0.000000000000000E+000
        </fractional_translation>
        <equivalent_atoms size="2" nat="2">
           1           2
        </equivalent_atoms>
      </symmetry>
      <symmetry>
        <info name="120 deg rotation - cart. axis [-1,1,1]">crystal_symmetry</info>
        <rotation rank="2" dims="           3           3">
  0.000000000000000E+000  0.000000000000000E+000  1.000000000000000E+000
  1.000000000000000E+000  0.000000000000000E+000  0.000000000000000E+000
  0.000000000000000E+000  1.000000000000000E+000  0.000000000000000E+000
        </rotation>
        <fractional_translation>
  0.000000000000000E+000  0.000000000000000E+000  0.000000000000000E+000
        </fractional_translation>
        <equivalent_atoms size="2" nat="2">
           1           2
        </equivalent_atoms>
      </symmetry>
      <symmetry>
        <info name="120 deg rotation - cart. axis [1,1,-1]">crystal_symmetry</info>
        <rotation rank="2" dims="           3           3">
  1.000000000000000E+000  0.000000000000000E+000  0.000000000000000E+000
  0.000000000000000E+000  0.000000000000000E+000  1.000000000000000E+000
 -1.000000000000000E+000 -1.000000000000000E+000 -1.000000000000000E+000
        </rotation>
        <fractional_translation>
  0.000000000000000E+000  0.000000000000000E+000  0.000000000000000E+000
        </fractional_translation>
        <equivalent_atoms size="2" nat="2">
           1           2
        </equivalent_atoms>
      </symmetry>
      <symmetry>
        <info name="120 deg rotation - cart. axis [1,-1,1]">crystal_symmetry</info>
        <rotation rank="2" dims="           3           3">
  0.000000000000000E+000  1.000000000000000E+000  0.000000000000000E+000
 -1.000000000000000E+000 -1.000000000000000E+000 -1.000000000000000E+000
  0.000000000000000E+000  0.000000000000000E+000  1.000000000000000E+000
        </rotation>
        <fractional_translation>
  0.000000000000000E+000  0.000000000000000E+000  0.000000000000000E+000
        </fractional_translation>
        <equivalent_atoms size="2" nat="2">
           1           2
        </equivalent_atoms>
      </symmetry>
      <symmetry>
        <info name="120 deg rotation - cart. axis [1,1,1]">crystal_symmetry</info>
        <rotation rank="2" dims="           3           3">
  0.000000000000000E+000  0.000000000000000E+000  1.000000000000000E+000
  0.000000000000000E+000  1.000000000000000E+000  0.000000000000000E+000
 -1.000000000000000E+000 -1.000000000000000E+000 -1.000000000000000E+000
        </rotation>
        <fractional_translation>
  0.000000000000000E+000  0.000000000000000E+000  0.000000000000000E+000
        </fractional_translation>
        <equivalent_atoms size="2" nat="2">
           1           2
        </equivalent_atoms>
      </symmetry>
      <symmetry>
        <info name="120 deg rotation - cart. axis [-1,1,-1]">crystal_symmetry</info>
        <rotation rank="2" dims="           3           3">
 -1.000000000000000E+000 -1.000000000000000E+000 -1.000000000000000E+000
  1.000000000000000E+000  0.000000000000000E+000  0.000000000000000E+000
  0.000000000000000E+000  0.000000000000000E+000  1.000000000000000E+000
        </rotation>
        <fractional_translation>
  0.000000000000000E+000  0.000000000000000E+000  0.000000000000000E+000
        </fractional_translation>
        <equivalent_atoms size="2" nat="2">
           1           2
        </equivalent_atoms>
      </symmetry>
      <symmetry>
        <info name="120 deg rotation - cart. axis [1,-1,-1]">crystal_symmetry</info>
        <rotation rank="2" dims="           3           3">
  0.000000000000000E+000  1.000000000000000E+000  0.000000000000000E+000
  0.000000000000000E+000  0.000000000000000E+000  1.000000000000000E+000
  1.000000000000000E+000  0.000000000000000E+000  0.000000000000000E+000
        </rotation>
        <fractional_translation>
  0.000000000000000E+000  0.000000000000000E+000  0.000000000000000E+000
        </fractional_translation>
        <equivalent_atoms size="2" nat="2">
           1           2
        </equivalent_atoms>
      </symmetry>
      <symmetry>
        <info name="120 deg rotation - cart. axis [-1,-1,1]">crystal_symmetry</info>
        <rotation rank="2" dims="           3           3">
  1.000000000000000E+000  0.000000000000000E+000  0.000000000000000E+000
 -1.000000000000000E+000 -1.000000000000000E+000 -1.000000000000000E+000
  0.000000000000000E+000  1.000000000000000E+000  0.000000000000000E+000
        </rotation>
        <fractional_translation>
  0.000000000000000E+000  0.000000000000000E+000  0.000000000000000E+000
        </fractional_translation>
        <equivalent_atoms size="2" nat="2">
           1           2
        </equivalent_atoms>
      </symmetry>
      <symmetry>
        <info name="inversion">crystal_symmetry</info>
        <rotation rank="2" dims="           3           3">
 -1.000000000000000E+000  0.000000000000000E+000  0.000000000000000E+000
  0.000000000000000E+000 -1.000000000000000E+000  0.000000000000000E+000
  0.000000000000000E+000  0.000000000000000E+000 -1.000000000000000E+000
        </rotation>
        <fractional_translation>
  2.500000000000000E-001  2.500000000000000E-001  2.500000000000000E-001
        </fractional_translation>
        <equivalent_atoms size="2" nat="2">
           2           1
        </equivalent_atoms>
      </symmetry>
      <symmetry>
        <info name="inv. 180 deg rotation - cart. axis [0,0,1]">crystal_symmetry</info>
        <rotation rank="2" dims="           3           3">
  0.000000000000000E+000 -1.000000000000000E+000  0.000000000000000E+000
 -1.000000000000000E+000  0.000000000000000E+000  0.000000000000000E+000
  1.000000000000000E+000  1.000000000000000E+000  1.000000000000000E+000
        </rotation>
        <fractional_translation>
  2.500000000000000E-001  2.500000000000000E-001  2.500000000000000E-001
        </fractional_translation>
        <equivalent_atoms size="2" nat="2">
           2           1
        </equivalent_atoms>
      </symmetry>
      <symmetry>
        <info name="inv. 180 deg rotation - cart. axis [0,1,0]">crystal_symmetry</info>
        <rotation rank="2" dims="           3           3">
  1.000000000000000E+000  1.000000000000000E+000  1.000000000000000E+000
  0.000000000000000E+000  0.000000000000000E+000 -1.000000000000000E+000
  0.000000000000000E+000 -1.000000000000000E+000  0.000000000000000E+000
        </rotation>
        <fractional_translation>
  2.500000000000000E-001  2.500000000000000E-001  2.500000000000000E-001
        </fractional_translation>
        <equivalent_atoms size="2" nat="2">
           2           1
        </equivalent_atoms>
      </symmetry>
      <symmetry>
        <info name="inv. 180 deg rotation - cart. axis [1,0,0]">crystal_symmetry</info>
        <rotation rank="2" dims="           3           3">
  0.000000000000000E+000  0.000000000000000E+000 -1.000000000000000E+000
  1.000000000000000E+000  1.000000000000000E+000  1.000000000000000E+000
 -1.000000000000000E+000  0.000000000000000E+000  0.000000000000000E+000
        </rotation>
        <fractional_translation>
  2.500000000000000E-001  2.500000000000000E-001  2.500000000000000E-001
        </fractional_translation>
        <equivalent_atoms size="2" nat="2">
           2           1
        </equivalent_atoms>
      </symmetry>
      <symmetry>
        <info name="inv. 180 deg rotation - cart. axis [1,1,0]">crystal_symmetry</info>
        <rotation rank="2" dims="           3           3">
  0.000000000000000E+000  1.000000000000000E+000  0.000000000000000E+000
  1.000000000000000E+000  0.000000000000000E+000  0.000000000000000E+000
  0.000000000000000E+000  0.000000000000000E+000  1.000000000000000E+000
        </rotation>
        <fractional_translation>
  0.000000000000000E+000  0.000000000000000E+000  0.000000000000000E+000
        </fractional_translation>
        <equivalent_atoms size="2" nat="2">
           1           2
        </equivalent_atoms>
      </symmetry>
      <symmetry>
        <info name="inv. 180 deg rotation - cart. axis [1,-1,0]">crystal_symmetry</info>
        <rotation rank="2" dims="           3           3">
  1.000000000000000E+000  0.000000000000000E+000  0.000000000000000E+000
  0.000000000000000E+000  1.000000000000000E+000  0.000000000000000E+000
 -1.000000000000000E+000 -1.000000000000000E+000 -1.000000000000000E+000
        </rotation>
        <fractional_translation>
  0.000000000000000E+000  0.000000000000000E+000  0.000000000000000E+000
        </fractional_translation>
        <equivalent_atoms size="2" nat="2">
           1           2
        </equivalent_atoms>
      </symmetry>
      <symmetry>
        <info name="inv.  90 deg rotation - cart. axis [0,0,-1]">crystal_symmetry</info>
        <rotation rank="2" dims="           3           3">
  0.000000000000000E+000  0.000000000000000E+000  1.000000000000000E+000
 -1.000000000000000E+000 -1.000000000000000E+000 -1.000000000000000E+000
  0.000000000000000E+000  1.000000000000000E+000  0.000000000000000E+000
        </rotation>
        <fractional_translation>
  0.000000000000000E+000  0.000000000000000E+000  0.000000000000000E+000
        </fractional_translation>
        <equivalent_atoms size="2" nat="2">
           1           2
        </equivalent_atoms>
      </symmetry>
      <symmetry>
        <info name="inv.  90 deg rotation - cart. axis [0,0,1]">crystal_symmetry</info>
        <rotation rank="2" dims="           3           3">
 -1.000000000000000E+000 -1.000000000000000E+000 -1.000000000000000E+000
  0.000000000000000E+000  0.000000000000000E+000  1.000000000000000E+000
  1.000000000000000E+000  0.000000000000000E+000  0.000000000000000E+000
        </rotation>
        <fractional_translation>
  0.000000000000000E+000  0.000000000000000E+000  0.000000000000000E+000
        </fractional_translation>
        <equivalent_atoms size="2" nat="2">
           1           2
        </equivalent_atoms>
      </symmetry>
      <symmetry>
        <info name="inv. 180 deg rotation - cart. axis [1,0,1]">crystal_symmetry</info>
        <rotation rank="2" dims="           3           3">
  1.000000000000000E+000  0.000000000000000E+000  0.000000000000000E+000
  0.000000000000000E+000  0.000000000000000E+000  1.000000000000000E+000
  0.000000000000000E+000  1.000000000000000E+000  0.000000000000000E+000
        </rotation>
        <fractional_translation>
  0.000000000000000E+000  0.000000000000000E+000  0.000000000000000E+000
        </fractional_translation>
        <equivalent_atoms size="2" nat="2">
           1           2
        </equivalent_atoms>
      </symmetry>
      <symmetry>
        <info name="inv. 180 deg rotation - cart. axis [-1,0,1]">crystal_symmetry</info>
        <rotation rank="2" dims="           3           3">
 -1.000000000000000E+000 -1.000000000000000E+000 -1.000000000000000E+000
  0.000000000000000E+000  1.000000000000000E+000  0.000000000000000E+000
  0.000000000000000E+000  0.000000000000000E+000  1.000000000000000E+000
        </rotation>
        <fractional_translation>
  0.000000000000000E+000  0.000000000000000E+000  0.000000000000000E+000
        </fractional_translation>
        <equivalent_atoms size="2" nat="2">
           1           2
        </equivalent_atoms>
      </symmetry>
      <symmetry>
        <info name="inv.  90 deg rotation - cart. axis [0,1,0]">crystal_symmetry</info>
        <rotation rank="2" dims="           3           3">
  0.000000000000000E+000  1.000000000000000E+000  0.000000000000000E+000
 -1.000000000000000E+000 -1.000000000000000E+000 -1.000000000000000E+000
  1.000000000000000E+000  0.000000000000000E+000  0.000000000000000E+000
        </rotation>
        <fractional_translation>
  0.000000000000000E+000  0.000000000000000E+000  0.000000000000000E+000
        </fractional_translation>
        <equivalent_atoms size="2" nat="2">
           1           2
        </equivalent_atoms>
      </symmetry>
      <symmetry>
        <info name="inv.  90 deg rotation - cart. axis [0,-1,0]">crystal_symmetry</info>
        <rotation rank="2" dims="           3           3">
  0.000000000000000E+000  0.000000000000000E+000  1.000000000000000E+000
  1.000000000000000E+000  0.000000000000000E+000  0.000000000000000E+000
 -1.000000000000000E+000 -1.000000000000000E+000 -1.000000000000000E+000
        </rotation>
        <fractional_translation>
  0.000000000000000E+000  0.000000000000000E+000  0.000000000000000E+000
        </fractional_translation>
        <equivalent_atoms size="2" nat="2">
           1           2
        </equivalent_atoms>
      </symmetry>
      <symmetry>
        <info name="inv. 180 deg rotation - cart. axis [0,1,1]">crystal_symmetry</info>
        <rotation rank="2" dims="           3           3">
  1.000000000000000E+000  0.000000000000000E+000  0.000000000000000E+000
 -1.000000000000000E+000 -1.000000000000000E+000 -1.000000000000000E+000
  0.000000000000000E+000  0.000000000000000E+000  1.000000000000000E+000
        </rotation>
        <fractional_translation>
  0.000000000000000E+000  0.000000000000000E+000  0.000000000000000E+000
        </fractional_translation>
        <equivalent_atoms size="2" nat="2">
           1           2
        </equivalent_atoms>
      </symmetry>
      <symmetry>
        <info name="inv. 180 deg rotation - cart. axis [0,1,-1]">crystal_symmetry</info>
        <rotation rank="2" dims="           3           3">
  0.000000000000000E+000  0.000000000000000E+000  1.000000000000000E+000
  0.000000000000000E+000  1.000000000000000E+000  0.000000000000000E+000
  1.000000000000000E+000  0.000000000000000E+000  0.000000000000000E+000
        </rotation>
        <fractional_translation>
  0.000000000000000E+000  0.000000000000000E+000  0.000000000000000E+000
        </fractional_translation>
        <equivalent_atoms size="2" nat="2">
           1           2
        </equivalent_atoms>
      </symmetry>
      <symmetry>
        <info name="inv.  90 deg rotation - cart. axis [-1,0,0]">crystal_symmetry</info>
        <rotation rank="2" dims="           3           3">
  0.000000000000000E+000  1.000000000000000E+000  0.000000000000000E+000
  0.000000000000000E+000  0.000000000000000E+000  1.000000000000000E+000
 -1.000000000000000E+000 -1.000000000000000E+000 -1.000000000000000E+000
        </rotation>
        <fractional_translation>
  0.000000000000000E+000  0.000000000000000E+000  0.000000000000000E+000
        </fractional_translation>
        <equivalent_atoms size="2" nat="2">
           1           2
        </equivalent_atoms>
      </symmetry>
      <symmetry>
        <info name="inv.  90 deg rotation - cart. axis [1,0,0]">crystal_symmetry</info>
        <rotation rank="2" dims="           3           3">
 -1.000000000000000E+000 -1.000000000000000E+000 -1.000000000000000E+000
  1.000000000000000E+000  0.000000000000000E+000  0.000000000000000E+000
  0.000000000000000E+000  1.000000000000000E+000  0.000000000000000E+000
        </rotation>
        <fractional_translation>
  0.000000000000000E+000  0.000000000000000E+000  0.000000000000000E+000
        </fractional_translation>
        <equivalent_atoms size="2" nat="2">
           1           2
        </equivalent_atoms>
      </symmetry>
      <symmetry>
        <info name="inv. 120 deg rotation - cart. axis [-1,-1,-1]">crystal_symmetry</info>
        <rotation rank="2" dims="           3           3">
  1.000000000000000E+000  1.000000000000000E+000  1.000000000000000E+000
  0.000000000000000E+000 -1.000000000000000E+000  0.000000000000000E+000
 -1.000000000000000E+000  0.000000000000000E+000  0.000000000000000E+000
        </rotation>
        <fractional_translation>
  2.500000000000000E-001  2.500000000000000E-001  2.500000000000000E-001
        </fractional_translation>
        <equivalent_atoms size="2" nat="2">
           2           1
        </equivalent_atoms>
      </symmetry>
      <symmetry>
        <info name="inv. 120 deg rotation - cart. axis [-1,1,1]">crystal_symmetry</info>
        <rotation rank="2" dims="           3           3">
  0.000000000000000E+000  0.000000000000000E+000 -1.000000000000000E+000
 -1.000000000000000E+000  0.000000000000000E+000  0.000000000000000E+000
  0.000000000000000E+000 -1.000000000000000E+000  0.000000000000000E+000
        </rotation>
        <fractional_translation>
  2.500000000000000E-001  2.500000000000000E-001  2.500000000000000E-001
        </fractional_translation>
        <equivalent_atoms size="2" nat="2">
           2           1
        </equivalent_atoms>
      </symmetry>
      <symmetry>
        <info name="inv. 120 deg rotation - cart. axis [1,1,-1]">crystal_symmetry</info>
        <rotation rank="2" dims="           3           3">
 -1.000000000000000E+000  0.000000000000000E+000  0.000000000000000E+000
  0.000000000000000E+000  0.000000000000000E+000 -1.000000000000000E+000
  1.000000000000000E+000  1.000000000000000E+000  1.000000000000000E+000
        </rotation>
        <fractional_translation>
  2.500000000000000E-001  2.500000000000000E-001  2.500000000000000E-001
        </fractional_translation>
        <equivalent_atoms size="2" nat="2">
           2           1
        </equivalent_atoms>
      </symmetry>
      <symmetry>
        <info name="inv. 120 deg rotation - cart. axis [1,-1,1]">crystal_symmetry</info>
        <rotation rank="2" dims="           3           3">
  0.000000000000000E+000 -1.000000000000000E+000  0.000000000000000E+000
  1.000000000000000E+000  1.000000000000000E+000  1.000000000000000E+000
  0.000000000000000E+000  0.000000000000000E+000 -1.000000000000000E+000
        </rotation>
        <fractional_translation>
  2.500000000000000E-001  2.500000000000000E-001  2.500000000000000E-001
        </fractional_translation>
        <equivalent_atoms size="2" nat="2">
           2           1
        </equivalent_atoms>
      </symmetry>
      <symmetry>
        <info name="inv. 120 deg rotation - cart. axis [1,1,1]">crystal_symmetry</info>
        <rotation rank="2" dims="           3           3">
  0.000000000000000E+000  0.000000000000000E+000 -1.000000000000000E+000
  0.000000000000000E+000 -1.000000000000000E+000  0.000000000000000E+000
  1.000000000000000E+000  1.000000000000000E+000  1.000000000000000E+000
        </rotation>
        <fractional_translation>
  2.500000000000000E-001  2.500000000000000E-001  2.500000000000000E-001
        </fractional_translation>
        <equivalent_atoms size="2" nat="2">
           2           1
        </equivalent_atoms>
      </symmetry>
      <symmetry>
        <info name="inv. 120 deg rotation - cart. axis [-1,1,-1]">crystal_symmetry</info>
        <rotation rank="2" dims="           3           3">
  1.000000000000000E+000  1.000000000000000E+000  1.000000000000000E+000
 -1.000000000000000E+000  0.000000000000000E+000  0.000000000000000E+000
  0.000000000000000E+000  0.000000000000000E+000 -1.000000000000000E+000
        </rotation>
        <fractional_translation>
  2.500000000000000E-001  2.500000000000000E-001  2.500000000000000E-001
        </fractional_translation>
        <equivalent_atoms size="2" nat="2">
           2           1
        </equivalent_atoms>
      </symmetry>
      <symmetry>
        <info name="inv. 120 deg rotation - cart. axis [1,-1,-1]">crystal_symmetry</info>
        <rotation rank="2" dims="           3           3">
  0.000000000000000E+000 -1.000000000000000E+000  0.000000000000000E+000
  0.000000000000000E+000  0.000000000000000E+000 -1.000000000000000E+000
 -1.000000000000000E+000  0.000000000000000E+000  0.000000000000000E+000
        </rotation>
        <fractional_translation>
  2.500000000000000E-001  2.500000000000000E-001  2.500000000000000E-001
        </fractional_translation>
        <equivalent_atoms size="2" nat="2">
           2           1
        </equivalent_atoms>
      </symmetry>
      <symmetry>
        <info name="inv. 120 deg rotation - cart. axis [-1,-1,1]">crystal_symmetry</info>
        <rotation rank="2" dims="           3           3">
 -1.000000000000000E+000  0.000000000000000E+000  0.000000000000000E+000
  1.000000000000000E+000  1.000000000000000E+000  1.000000000000000E+000
  0.000000000000000E+000 -1.000000000000000E+000  0.000000000000000E+000
        </rotation>
        <fractional_translation>
  2.500000000000000E-001  2.500000000000000E-001  2.500000000000000E-001
        </fractional_translation>
        <equivalent_atoms size="2" nat="2">
           2           1
        </equivalent_atoms>
      </symmetry>
    </symmetries>
    <basis_set>
      <gamma_only>false</gamma_only>
      <ecutwfc>4.100000000000000E+001</ecutwfc>
      <ecutrho>1.640000000000000E+002</ecutrho>
      <fft_grid nr1="32" nr2="32" nr3="32"></fft_grid>
      <fft_smooth nr1="32" nr2="32" nr3="32"></fft_smooth>
      <fft_box nr1="32" nr2="32" nr3="32"></fft_box>
      <ngm>7727</ngm>
      <ngms>7727</ngms>
      <npwx>982</npwx>
      <reciprocal_lattice>
        <b1>
 -1.000000000000000E+000 -1.000000000000000E+000  1.000000000000000E+000
        </b1>
        <b2>1.000000000000000E+000  1.000000000000000E+000  1.000000000000000E+000</b2>
        <b3>-1.000000000000000E+000  1.000000000000000E+000 -1.000000000000000E+000</b3>
      </reciprocal_lattice>
    </basis_set>
    <dft>
      <functional>PBE</functional>
    </dft>
    <magnetization>
      <lsda>false</lsda>
      <noncolin>false</noncolin>
      <spinorbit>false</spinorbit>
      <absolute>0.000000000000000E+000</absolute>
    </magnetization>
    <total_energy>
      <etot>0.000000000000000E+000</etot>
      <eband>0.000000000000000E+000</eband>
      <ehart>9.660793485759019E-001</ehart>
      <vtxc>-4.769862998502886E+000</vtxc>
      <etxc>-4.340255676789075E+000</etxc>
      <ewald>0.000000000000000E+000</ewald>
    </total_energy>
    <band_structure>
      <lsda>false</lsda>
      <noncolin>false</noncolin>
      <spinorbit>false</spinorbit>
      <nbnd>6</nbnd>
      <nelec>8.000000000000000E+000</nelec>
      <fermi_energy>6.413435963018098E-001</fermi_energy>
      <starting_k_points>
        <monkhorst_pack nk1="10" nk2="10" nk3="10" k1="0" k2="0" k3="0">Monkhorst-Pack</monkhorst_pack>
      </starting_k_points>
      <nks>47</nks>
      <occupations_kind>tetrahedra</occupations_kind>
      <ks_energies>
        <k_point weight="1.9999999999999987E-003">0.000000000000000E+000  0.000000000000000E+000  0.000000000000000E+000</k_point>
        <npw>941</npw>
        <eigenvalues size="6">
 -2.987605994716638E-001  4.909897870521757E-001  4.909897871847801E-001
  4.909897876400940E-001  6.976875261311104E-001
  6.976875264453688E-001
        </eigenvalues>
        <occupations size="6">
  1.000000000000000E+000  1.000000000000000E+000  1.000000000000000E+000
  1.000000000000000E+000  0.000000000000000E+000
  0.000000000000000E+000
        </occupations>
      </ks_energies>
      <ks_energies>
        <k_point weight="1.5999999999999990E-002">
 -1.000000000000000E-001  1.000000000000000E-001 -1.000000000000000E-001
        </k_point>
        <npw>944</npw>
        <eigenvalues size="6">
 -2.885945501527604E-001  4.293994260421932E-001  4.745463933630273E-001
  4.745463933631783E-001  7.192454666635000E-001
  7.192454700372355E-001
        </eigenvalues>
        <occupations size="6">
  9.999999999999989E-001  9.999999999999989E-001  9.999999999999989E-001
  9.999999999999989E-001  0.000000000000000E+000
  0.000000000000000E+000
        </occupations>
      </ks_energies>
      <ks_energies>
        <k_point weight="1.5999999999999990E-002">
 -2.000000000000000E-001  2.000000000000000E-001 -2.000000000000000E-001
        </k_point>
        <npw>947</npw>
        <eigenvalues size="6">
 -2.582798853741971E-001  3.114730428786148E-001  4.422280466862938E-001
  4.422280466891526E-001  7.608920365781300E-001
  7.608920711435017E-001
        </eigenvalues>
        <occupations size="6">
  9.999999999999989E-001  9.999999999999989E-001  9.999999999999989E-001
  9.999999999999989E-001  0.000000000000000E+000
  0.000000000000000E+000
        </occupations>
      </ks_energies>
      <ks_energies>
        <k_point weight="1.5999999999999990E-002">
 -3.000000000000000E-001  3.000000000000000E-001 -3.000000000000000E-001
        </k_point>
        <npw>956</npw>
        <eigenvalues size="6">
 -2.085409088198527E-001  1.864193078600175E-001  4.130201958710016E-001
  4.130201958711216E-001  7.914026207121452E-001
  7.914026659861766E-001
        </eigenvalues>
        <occupations size="6">
  9.999999999999989E-001  9.999999999999989E-001  9.999999999999989E-001
  9.999999999999989E-001  0.000000000000000E+000
  0.000000000000000E+000
        </occupations>
      </ks_energies>
      <ks_energies>
        <k_point weight="1.5999999999999990E-002">
 -4.000000000000000E-001  4.000000000000000E-001 -4.000000000000000E-001
        </k_point>
        <npw>951</npw>
        <eigenvalues size="6">
 -1.420100461404645E-001  7.122050770659463E-002  3.940977763940844E-001
  3.940977764088645E-001  8.024205749975812E-001
  8.024205821511274E-001
        </eigenvalues>
        <occupations size="6">
  9.999999999999989E-001  9.999999999999989E-001  9.999999999999989E-001
  9.999999999999989E-001  0.000000000000000E+000
  0.000000000000000E+000
        </occupations>
      </ks_energies>
      <ks_energies>
        <k_point weight="7.9999999999999950E-003">
  5.000000000000000E-001 -5.000000000000000E-001  5.000000000000000E-001
        </k_point>
        <npw>960</npw>
        <eigenvalues size="6">
 -8.647486022157969E-002 -1.021967866747702E-003  3.876357442612899E-001
  3.876357442614952E-001  8.039578101703966E-001
  8.039578111256634E-001
        </eigenvalues>
        <occupations size="6">
  1.000000000000002E+000  1.000000000000002E+000  1.000000000000002E+000
  1.000000000000002E+000  0.000000000000000E+000
  0.000000000000000E+000
        </occupations>
      </ks_energies>
      <ks_energies>
        <k_point weight="1.1999999999999992E-002">
  0.000000000000000E+000  2.000000000000000E-001  0.000000000000000E+000
        </k_point>
        <npw>937</npw>
        <eigenvalues size="6">
 -2.852089339561358E-001  4.458736650911144E-001  4.458736650948067E-001
  4.589537045614290E-001  6.876667857877787E-001
  7.543467363326573E-001
        </eigenvalues>
        <occupations size="6">
  9.999999999999999E-001  9.999999999999999E-001  9.999999999999999E-001
  9.999999999999999E-001  0.000000000000000E+000
  0.000000000000000E+000
        </occupations>
      </ks_energies>
      <ks_energies>
        <k_point weight="4.7999999999999966E-002">
 -9.999999999999999E-002  3.000000000000000E-001 -9.999999999999999E-002
        </k_point>
        <npw>950</npw>
        <eigenvalues size="6">
 -2.616170371819369E-001  3.524481017007868E-001  4.102178671969319E-001
  4.417491010132251E-001  7.033569740912999E-001
  8.020436504341870E-001
        </eigenvalues>
        <occupations size="6">
  9.999999999999953E-001  9.999999999999953E-001  9.999999999999953E-001
  9.999999999999953E-001  0.000000000000000E+000
  0.000000000000000E+000
        </occupations>
      </ks_energies>
      <ks_energies>
        <k_point weight="4.7999999999999966E-002">
 -2.000000000000000E-001  4.000000000000000E-001 -2.000000000000000E-001
        </k_point>
        <npw>948</npw>
        <eigenvalues size="6">
 -2.183307969094284E-001  2.320813085436194E-001  3.826796477051033E-001
  4.097730545933108E-001  7.416586772998992E-001
  8.331680521524314E-001
        </eigenvalues>
        <occupations size="6">
  9.999999999999953E-001  9.999999999999953E-001  9.999999999999953E-001
  9.999999999999953E-001  0.000000000000000E+000
  0.000000000000000E+000
        </occupations>
      </ks_energies>
      <ks_energies>
        <k_point weight="4.7999999999999966E-002">
 -3.000000000000000E-001  5.000000000000000E-001 -3.000000000000000E-001
        </k_point>
        <npw>956</npw>
        <eigenvalues size="6">
 -1.570117968679487E-001  1.144435938226894E-001  3.687451170230999E-001
  3.777340544923086E-001  7.683272593404096E-001
  8.456409207103802E-001
        </eigenvalues>
        <occupations size="6">
  9.999999999999953E-001  9.999999999999953E-001  9.999999999999953E-001
  9.999999999999953E-001  0.000000000000000E+000
  0.000000000000000E+000
        </occupations>
      </ks_energies>
      <ks_energies>
        <k_point weight="4.7999999999999966E-002">
  6.000000000000000E-001 -4.000000000000000E-001  6.000000000000000E-001
        </k_point>
        <npw>964</npw>
        <eigenvalues size="6">
 -8.845467476079946E-002  1.902067213115712E-002  3.543906482304975E-001
  3.697279122478128E-001  7.833851716547818E-001
  8.368079493527929E-001
        </eigenvalues>
        <occupations size="6">
  9.999999999999953E-001  9.999999999999953E-001  9.999999999999953E-001
  9.999999999999953E-001  0.000000000000000E+000
  0.000000000000000E+000
        </occupations>
      </ks_energies>
      <ks_energies>
        <k_point weight="4.7999999999999966E-002">
  5.000000000000000E-001 -3.000000000000000E-001  5.000000000000000E-001
        </k_point>
        <npw>958</npw>
        <eigenvalues size="6">
 -1.097389838255854E-001  4.585894827410061E-002  3.436246539149399E-001
  3.848833831529658E-001  7.978688704649450E-001
  8.213403484279558E-001
        </eigenvalues>
        <occupations size="6">
  9.999999999999953E-001  9.999999999999953E-001  9.999999999999953E-001
  9.999999999999953E-001  0.000000000000000E+000
  0.000000000000000E+000
        </occupations>
      </ks_energies>
      <ks_energies>
        <k_point weight="4.7999999999999966E-002">
  4.000000000000000E-001 -2.000000000000001E-001  4.000000000000000E-001
        </k_point>
        <npw>958</npw>
        <eigenvalues size="6">
 -1.792675347280232E-001  1.528303809133082E-001  3.473688056149314E-001
  4.118036189881117E-001  7.984504493853373E-001
  8.093835254960444E-001
        </eigenvalues>
        <occupations size="6">
  9.999999999999953E-001  9.999999999999953E-001  9.999999999999953E-001
  9.999999999999953E-001  0.000000000000000E+000
  0.000000000000000E+000
        </occupations>
      </ks_energies>
      <ks_energies>
        <k_point weight="4.7999999999999966E-002">
  2.999999999999999E-001 -9.999999999999996E-002  2.999999999999999E-001
        </k_point>
        <npw>949</npw>
        <eigenvalues size="6">
 -2.349037298553403E-001  2.731834568200039E-001  3.662849535088638E-001
  4.453423935361231E-001  7.624325718949365E-001
  8.043107464211361E-001
        </eigenvalues>
        <occupations size="6">
  9.999999999999953E-001  9.999999999999953E-001  9.999999999999953E-001
  9.999999999999953E-001  0.000000000000000E+000
  0.000000000000000E+000
        </occupations>
      </ks_energies>
      <ks_energies>
        <k_point weight="2.3999999999999983E-002">
  2.000000000000000E-001  2.775557561562891E-017  2.000000000000000E-001
        </k_point>
        <npw>949</npw>
        <eigenvalues size="6">
 -2.717134990896085E-001  3.831195049388628E-001  4.053175847632086E-001
  4.734128606093557E-001  7.251108857121884E-001
  7.624824448370902E-001
        </eigenvalues>
        <occupations size="6">
  1.000000000000004E+000  1.000000000000004E+000  1.000000000000004E+000
  1.000000000000004E+000  0.000000000000000E+000
  0.000000000000000E+000
        </occupations>
      </ks_energies>
      <ks_energies>
        <k_point weight="1.1999999999999992E-002">
  0.000000000000000E+000  4.000000000000000E-001  0.000000000000000E+000
        </k_point>
        <npw>966</npw>
        <eigenvalues size="6">
 -2.448295599563546E-001  3.721966081174288E-001  3.721966083061875E-001
  3.773495373123719E-001  6.661389671924932E-001
  8.613045912985549E-001
        </eigenvalues>
        <occupations size="6">
  9.999999999999999E-001  9.999999999999999E-001  9.999999999999999E-001
  9.999999999999999E-001  0.000000000000000E+000
  0.000000000000000E+000
        </occupations>
      </ks_energies>
      <ks_energies>
        <k_point weight="4.7999999999999966E-002">
 -9.999999999999998E-002  5.000000000000000E-001 -9.999999999999998E-002
        </k_point>
        <npw>963</npw>
        <eigenvalues size="6">
 -2.082786349749680E-001  2.764171745291513E-001  3.430775773927142E-001
  3.567275150250509E-001  6.819459339945650E-001
  8.897530736584049E-001
        </eigenvalues>
        <occupations size="6">
  9.999999999999953E-001  9.999999999999953E-001  9.999999999999953E-001
  9.999999999999953E-001  0.000000000000000E+000
  0.000000000000000E+000
        </occupations>
      </ks_energies>
      <ks_energies>
        <k_point weight="4.7999999999999966E-002">
 -2.000000000000000E-001  6.000000000000001E-001 -2.000000000000000E-001
        </k_point>
        <npw>964</npw>
        <eigenvalues size="6">
 -1.531572893241398E-001  1.674742610140791E-001  3.178780227973219E-001
  3.288158740217395E-001  7.170013517926734E-001
  9.058476381638446E-001
        </eigenvalues>
        <occupations size="6">
  9.999999999999953E-001  9.999999999999953E-001  9.999999999999953E-001
  9.999999999999953E-001  0.000000000000000E+000
  0.000000000000000E+000
        </occupations>
      </ks_energies>
      <ks_energies>
        <k_point weight="4.7999999999999966E-002">
  7.000000000000000E-001 -3.000000000000000E-001  7.000000000000000E-001
        </k_point>
        <npw>960</npw>
        <eigenvalues size="6">
 -8.468604834003830E-002  6.683591852732905E-002  2.811505470808643E-001
  3.311425070468821E-001  7.385575592879770E-001
  9.164511633638792E-001
        </eigenvalues>
        <occupations size="6">
  9.999999999999953E-001  9.999999999999953E-001  9.999999999999953E-001
  9.999999999999953E-001  0.000000000000000E+000
  0.000000000000000E+000
        </occupations>
      </ks_energies>
      <ks_energies>
        <k_point weight="4.7999999999999966E-002">
  6.000000000000001E-001 -2.000000000000000E-001  6.000000000000001E-001
        </k_point>
        <npw>963</npw>
        <eigenvalues size="6">
 -6.464548710207735E-002  4.283829968151733E-002  2.564913561302958E-001
  3.494088247111318E-001  7.595281715804738E-001
  8.914339541177613E-001
        </eigenvalues>
        <occupations size="6">
  9.999999999999953E-001  9.999999999999953E-001  9.999999999999953E-001
  9.999999999999953E-001  0.000000000000000E+000
  0.000000000000000E+000
        </occupations>
      </ks_energies>
      <ks_energies>
        <k_point weight="4.7999999999999966E-002">
  5.000000000000000E-001 -1.000000000000001E-001  5.000000000000000E-001
        </k_point>
        <npw>962</npw>
        <eigenvalues size="6">
 -1.316760648065637E-001  1.349178318347023E-001  2.484298866917461E-001
  3.806177877939987E-001  7.863154783590047E-001
  8.538087997733196E-001
        </eigenvalues>
        <occupations size="6">
  9.999999999999953E-001  9.999999999999953E-001  9.999999999999953E-001
  9.999999999999953E-001  0.000000000000000E+000
  0.000000000000000E+000
        </occupations>
      </ks_energies>
      <ks_energies>
        <k_point weight="2.3999999999999983E-002">
  4.000000000000000E-001  5.551115123125783E-017  4.000000000000000E-001
        </k_point>
        <npw>953</npw>
        <eigenvalues size="6">
 -1.920872806797412E-001  2.342186790354318E-001  2.701152193968630E-001
  4.177183202734210E-001  8.043112051407566E-001
  8.080957337220489E-001
        </eigenvalues>
        <occupations size="6">
  1.000000000000004E+000  1.000000000000004E+000  1.000000000000004E+000
  1.000000000000004E+000  0.000000000000000E+000
  0.000000000000000E+000
        </occupations>
      </ks_energies>
      <ks_energies>
        <k_point weight="1.1999999999999992E-002">
  0.000000000000000E+000  6.000000000000000E-001  0.000000000000000E+000
        </k_point>
        <npw>966</npw>
        <eigenvalues size="6">
 -1.785709165166812E-001  2.672357462733488E-001  3.109608977698801E-001
  3.109608977932669E-001  6.484572619842532E-001
  8.126493443194289E-001
        </eigenvalues>
        <occupations size="6">
  9.999999999999999E-001  9.999999999999999E-001  9.999999999999999E-001
  9.999999999999999E-001  0.000000000000000E+000
  0.000000000000000E+000
        </occupations>
      </ks_energies>
      <ks_energies>
        <k_point weight="4.7999999999999966E-002">
 -1.000000000000001E-001  7.000000000000000E-001 -1.000000000000001E-001
        </k_point>
        <npw>968</npw>
        <eigenvalues size="6">
 -1.301192496807467E-001  1.945656881866083E-001  2.707176572940410E-001
  2.935739750234027E-001  6.690793831770661E-001
  7.882890917293597E-001
        </eigenvalues>
        <occupations size="6">
  9.999999999999953E-001  9.999999999999953E-001  9.999999999999953E-001
  9.999999999999953E-001  0.000000000000000E+000
  0.000000000000000E+000
        </occupations>
      </ks_energies>
      <ks_energies>
        <k_point weight="4.7999999999999966E-002">
  8.000000000000000E-001 -2.000000000000000E-001  8.000000000000000E-001
        </k_point>
        <npw>963</npw>
        <eigenvalues size="6">
 -6.609564137990906E-002  1.143969877108771E-001  2.143425910211341E-001
  2.934041519120438E-001  6.974880277532024E-001
  8.442382439608942E-001
        </eigenvalues>
        <occupations size="6">
  9.999999999999953E-001  9.999999999999953E-001  9.999999999999953E-001
  9.999999999999953E-001  0.000000000000000E+000
  0.000000000000000E+000
        </occupations>
      </ks_energies>
      <ks_energies>
        <k_point weight="4.7999999999999966E-002">
  7.000000000000000E-001 -1.000000000000001E-001  7.000000000000000E-001
        </k_point>
        <npw>965</npw>
        <eigenvalues size="6">
 -1.652096322065516E-002  6.185209744741506E-002  1.721449335983489E-001
  3.103113843008564E-001  7.188253412250724E-001
  9.547116615596344E-001
        </eigenvalues>
        <occupations size="6">
  9.999999999999953E-001  9.999999999999953E-001  9.999999999999953E-001
  9.999999999999953E-001  0.000000000000000E+000
  0.000000000000000E+000
        </occupations>
      </ks_energies>
      <ks_energies>
        <k_point weight="2.3999999999999983E-002">
  6.000000000000001E-001  0.000000000000000E+000  6.000000000000001E-001
        </k_point>
        <npw>967</npw>
        <eigenvalues size="6">
 -6.920523973553201E-002  1.178116791383599E-001  1.649478655210345E-001
  3.416710270505040E-001  7.496132576185806E-001
  9.231655675278734E-001
        </eigenvalues>
        <occupations size="6">
  1.000000000000004E+000  1.000000000000004E+000  1.000000000000004E+000
  1.000000000000004E+000  0.000000000000000E+000
  0.000000000000000E+000
        </occupations>
      </ks_energies>
      <ks_energies>
        <k_point weight="1.1999999999999992E-002">
  0.000000000000000E+000  8.000000000000000E-001  0.000000000000000E+000
        </k_point>
        <npw>962</npw>
        <eigenvalues size="6">
 -8.847926200216857E-002  1.438738087539953E-001  2.720936741614891E-001
  2.720936742207500E-001  6.463760045382290E-001
  7.218515101936717E-001
        </eigenvalues>
        <occupations size="6">
  9.999999999999999E-001  9.999999999999999E-001  9.999999999999999E-001
  9.999999999999999E-001  0.000000000000000E+000
  0.000000000000000E+000
        </occupations>
      </ks_energies>
      <ks_energies>
        <k_point weight="4.7999999999999966E-002">
  9.000000000000000E-001 -9.999999999999998E-002  9.000000000000000E-001
        </k_point>
        <npw>963</npw>
        <eigenvalues size="6">
 -3.042580850506745E-002  8.381281664870815E-002  2.314352144750396E-001
  2.677924495630343E-001  6.712335003129464E-001
  7.252436369697917E-001
        </eigenvalues>
        <occupations size="6">
  9.999999999999953E-001  9.999999999999953E-001  9.999999999999953E-001
  9.999999999999953E-001  0.000000000000000E+000
  0.000000000000000E+000
        </occupations>
      </ks_energies>
      <ks_energies>
        <k_point weight="2.3999999999999983E-002">
  8.000000000000000E-001  0.000000000000000E+000  8.000000000000000E-001
        </k_point>
        <npw>959</npw>
        <eigenvalues size="6">
  2.322316308702393E-002  4.574707139842522E-002  1.681229862900339E-001
  2.811794585320978E-001  6.900762281115473E-001
  8.237535837764480E-001
        </eigenvalues>
        <occupations size="6">
  1.000000000000004E+000  1.000000000000004E+000  1.000000000000004E+000
  1.000000000000004E+000  0.000000000000000E+000
  0.000000000000000E+000
        </occupations>
      </ks_energies>
      <ks_energies>
        <k_point weight="5.9999999999999958E-003">
  0.000000000000000E+000 -1.000000000000000E+000  0.000000000000000E+000
        </k_point>
        <npw>982</npw>
        <eigenvalues size="6">
  2.144096725454584E-002  2.144096732980362E-002  2.588503810685446E-001
  2.588503813592112E-001  6.683204592465076E-001
  6.683204598648099E-001
        </eigenvalues>
        <occupations size="6">
  1.000000000000002E+000  1.000000000000002E+000  1.000000000000002E+000
  1.000000000000002E+000  0.000000000000000E+000
  0.000000000000000E+000
        </occupations>
      </ks_energies>
      <ks_energies>
        <k_point weight="4.7999999999999966E-002">
 -2.000000000000000E-001  4.000000000000000E-001  5.551115123125783E-017
        </k_point>
        <npw>956</npw>
        <eigenvalues size="6">
 -2.315346541586917E-001  3.057058032408840E-001  3.356478588436634E-001
  4.209101543178181E-001  7.178057804554572E-001
  8.377499452151518E-001
        </eigenvalues>
        <occupations size="6">
  9.999999999999953E-001  9.999999999999953E-001  9.999999999999953E-001
  9.999999999999953E-001  0.000000000000000E+000
  0.000000000000000E+000
        </occupations>
      </ks_energies>
      <ks_energies>
        <k_point weight="9.5999999999999933E-002">
 -3.000000000000000E-001  5.000000000000000E-001 -9.999999999999998E-002
        </k_point>
        <npw>962</npw>
        <eigenvalues size="6">
 -1.822759272551321E-001  2.017808339546281E-001  3.035173514342775E-001
  3.880132488374263E-001  7.593092651097855E-001
  8.444699865210565E-001
        </eigenvalues>
        <occupations size="6">
  1.000000000000014E+000  1.000000000000014E+000  1.000000000000014E+000
  1.000000000000014E+000  0.000000000000000E+000
  0.000000000000000E+000
        </occupations>
      </ks_energies>
      <ks_energies>
        <k_point weight="9.5999999999999933E-002">
  6.000000000000000E-001 -4.000000000000000E-001  8.000000000000000E-001
        </k_point>
        <npw>962</npw>
        <eigenvalues size="6">
 -1.166783989358754E-001  9.270724446143824E-002  2.947065698549680E-001
  3.561176374874306E-001  7.869358129170206E-001
  8.350479462211021E-001
        </eigenvalues>
        <occupations size="6">
  1.000000000000014E+000  1.000000000000014E+000  1.000000000000014E+000
  1.000000000000014E+000  0.000000000000000E+000
  0.000000000000000E+000
        </occupations>
      </ks_energies>
      <ks_energies>
        <k_point weight="4.7999999999999966E-002">
  5.000000000000000E-001 -3.000000000000000E-001  7.000000000000001E-001
        </k_point>
        <npw>960</npw>
        <eigenvalues size="6">
 -6.261558350559099E-002  2.330692246402064E-002  2.944289262610152E-001
  3.420138245121080E-001  7.942393683211186E-001
  8.295639451163674E-001
        </eigenvalues>
        <occupations size="6">
  9.999999999999953E-001  9.999999999999953E-001  9.999999999999953E-001
  9.999999999999953E-001  0.000000000000000E+000
  0.000000000000000E+000
        </occupations>
      </ks_energies>
      <ks_energies>
        <k_point weight="4.7999999999999966E-002">
 -2.000000000000001E-001  6.000000000000000E-001  0.000000000000000E+000
        </k_point>
        <npw>963</npw>
        <eigenvalues size="6">
 -1.657568691977182E-001  2.307263918607071E-001  2.771211194073649E-001
  3.313235964834649E-001  7.022726745185677E-001
  8.526161407657089E-001
        </eigenvalues>
        <occupations size="6">
  9.999999999999953E-001  9.999999999999953E-001  9.999999999999953E-001
  9.999999999999953E-001  0.000000000000000E+000
  0.000000000000000E+000
        </occupations>
      </ks_energies>
      <ks_energies>
        <k_point weight="9.5999999999999933E-002">
  7.000000000000000E-001 -3.000000000000000E-001  9.000000000000000E-001
        </k_point>
        <npw>962</npw>
        <eigenvalues size="6">
 -1.059166983758114E-001  1.448261814072123E-001  2.444994471030234E-001
  3.004953615992868E-001  7.441799786505374E-001
  8.714309514411018E-001
        </eigenvalues>
        <occupations size="6">
  1.000000000000014E+000  1.000000000000014E+000  1.000000000000014E+000
  1.000000000000014E+000  0.000000000000000E+000
  0.000000000000000E+000
        </occupations>
      </ks_energies>
      <ks_energies>
        <k_point weight="9.5999999999999933E-002">
  6.000000000000000E-001 -2.000000000000001E-001  8.000000000000000E-001
        </k_point>
        <npw>958</npw>
        <eigenvalues size="6">
 -4.028280275858938E-002  6.165619425406221E-002  2.208698683531072E-001
  2.943961920714727E-001  7.668738967685740E-001
  8.974187799199542E-001
        </eigenvalues>
        <occupations size="6">
  1.000000000000014E+000  1.000000000000014E+000  1.000000000000014E+000
  1.000000000000014E+000  0.000000000000000E+000
  0.000000000000000E+000
        </occupations>
      </ks_energies>
      <ks_energies>
        <k_point weight="9.5999999999999933E-002">
  5.000000000000000E-001 -1.000000000000001E-001  7.000000000000001E-001
        </k_point>
        <npw>965</npw>
        <eigenvalues size="6">
 -6.133650586976282E-002  8.819062704889760E-002  2.037293996044100E-001
  3.154263156145668E-001  7.904516429042127E-001
  8.718787212359109E-001
        </eigenvalues>
        <occupations size="6">
  1.000000000000014E+000  1.000000000000014E+000  1.000000000000014E+000
  1.000000000000014E+000  0.000000000000000E+000
  0.000000000000000E+000
        </occupations>
      </ks_energies>
      <ks_energies>
        <k_point weight="4.7999999999999966E-002">
  3.999999999999999E-001  0.000000000000000E+000  6.000000000000000E-001
        </k_point>
        <npw>960</npw>
        <eigenvalues size="6">
 -1.281325523116942E-001  1.717367062373794E-001  2.151205572963658E-001
  3.515853230832784E-001  8.186825057351997E-001
  8.211893578010108E-001
        </eigenvalues>
        <occupations size="6">
  9.999999999999953E-001  9.999999999999953E-001  9.999999999999953E-001
  9.999999999999953E-001  0.000000000000000E+000
  0.000000000000000E+000
        </occupations>
      </ks_energies>
      <ks_energies>
        <k_point weight="4.7999999999999966E-002">
  8.000000000000000E-001 -2.000000000000000E-001  1.000000000000000E+000
        </k_point>
        <npw>969</npw>
        <eigenvalues size="6">
 -7.684704930088221E-002  1.404623460494290E-001  2.411623429622543E-001
  2.593152454564816E-001  7.001134943382896E-001
  7.692878595094605E-001
        </eigenvalues>
        <occupations size="6">
  9.999999999999953E-001  9.999999999999953E-001  9.999999999999953E-001
  9.999999999999953E-001  0.000000000000000E+000
  0.000000000000000E+000
        </occupations>
      </ks_energies>
      <ks_energies>
        <k_point weight="9.5999999999999933E-002">
  7.000000000000001E-001 -9.999999999999998E-002  9.000000000000000E-001
        </k_point>
        <npw>961</npw>
        <eigenvalues size="6">
 -1.187180183173114E-002  8.386718387393298E-002  1.840078388527804E-001
  2.547380975761434E-001  7.359772590733291E-001
  8.328153370869855E-001
        </eigenvalues>
        <occupations size="6">
  1.000000000000014E+000  1.000000000000014E+000  1.000000000000014E+000
  1.000000000000014E+000  0.000000000000000E+000
  0.000000000000000E+000
        </occupations>
      </ks_energies>
      <ks_energies>
        <k_point weight="4.7999999999999966E-002">
  6.000000000000001E-001  0.000000000000000E+000  8.000000000000000E-001
        </k_point>
        <npw>964</npw>
        <eigenvalues size="6">
 -1.093940702533443E-003  7.764668777662781E-002  1.483427909260754E-001
  2.773907167182728E-001  7.587919333830493E-001
  9.447299764117847E-001
        </eigenvalues>
        <occupations size="6">
  9.999999999999953E-001  9.999999999999953E-001  9.999999999999953E-001
  9.999999999999953E-001  0.000000000000000E+000
  0.000000000000000E+000
        </occupations>
      </ks_energies>
      <ks_energies>
        <k_point weight="2.3999999999999983E-002">
 -2.000000000000000E-001 -1.000000000000000E+000  0.000000000000000E+000
        </k_point>
        <npw>962</npw>
        <eigenvalues size="6">
  2.969428087287094E-002  2.969428105504163E-002  2.329164429259719E-001
  2.329164430498603E-001  7.200723437834846E-001
  7.200723468252375E-001
        </eigenvalues>
        <occupations size="6">
  1.000000000000004E+000  1.000000000000004E+000  1.000000000000004E+000
  1.000000000000004E+000  0.000000000000000E+000
  0.000000000000000E+000
        </occupations>
      </ks_energies>
      <ks_energies>
        <k_point weight="4.7999999999999966E-002">
  6.000000000000001E-001 -2.000000000000000E-001  1.000000000000000E+000
        </k_point>
        <npw>964</npw>
        <eigenvalues size="6">
 -4.409955886629761E-002  1.169581510821810E-001  1.848652050768088E-001
  2.561437373953801E-001  8.219607621805474E-001
  8.556768251813975E-001
        </eigenvalues>
        <occupations size="6">
  9.999999999999953E-001  9.999999999999953E-001  9.999999999999953E-001
  9.999999999999953E-001  0.000000000000000E+000
  0.000000000000000E+000
        </occupations>
      </ks_energies>
      <ks_energies>
        <k_point weight="4.7999999999999966E-002">
  5.000000000000000E-001 -1.000000000000001E-001  9.000000000000001E-001
        </k_point>
        <npw>958</npw>
        <eigenvalues size="6">
  6.124921830535835E-003  7.268853578416373E-002  1.733047853064263E-001
  2.347798696102793E-001  8.405432603265033E-001
  8.806653733514873E-001
        </eigenvalues>
        <occupations size="6">
  9.999999999999953E-001  9.999999999999953E-001  9.999999999999953E-001
  9.999999999999953E-001  0.000000000000000E+000
  0.000000000000000E+000
        </occupations>
      </ks_energies>
      <ks_energies>
        <k_point weight="2.3999999999999983E-002">
 -3.999999999999999E-001 -1.000000000000000E+000  0.000000000000000E+000
        </k_point>
        <npw>964</npw>
        <eigenvalues size="6">
  4.680513586159826E-002  4.680513587659162E-002  1.920398822566053E-001
  1.920398822718657E-001  8.377212746263218E-001
  8.377212769639248E-001
        </eigenvalues>
        <occupations size="6">
  1.000000000000004E+000  1.000000000000004E+000  1.000000000000004E+000
  1.000000000000004E+000  0.000000000000000E+000
  0.000000000000000E+000
        </occupations>
      </ks_energies>
    </band_structure>
  </output>
  <exit_status>0</exit_status>
  <timing_info>
    <total label="PWSCF">
      <cpu>8.246800000000001E-002</cpu>
      <wall>1.813037157058716E+000</wall>
    </total>
    <partial label="init_run" calls="1">
      <cpu>4.645800000000001E-002</cpu>
      <wall>5.340909957885742E-002</wall>
    </partial>
    <partial label="hinit0" calls="1">
      <cpu>3.628700000000000E-002</cpu>
      <wall>3.898096084594727E-002</wall>
    </partial>
    <partial label="init_vloc" calls="1">
      <cpu>1.807100000000000E-002</cpu>
      <wall>1.870703697204590E-002</wall>
    </partial>
    <partial label="init_us_1" calls="1">
      <cpu>5.900000000000349E-005</cpu>
      <wall>7.104873657226562E-005</wall>
    </partial>
    <partial label="fft" calls="11">
      <cpu>2.967000000000025E-003</cpu>
      <wall>6.035804748535156E-003</wall>
    </partial>
    <partial label="potinit" calls="1">
      <cpu>5.208000000000004E-003</cpu>
      <wall>8.931159973144531E-003</wall>
    </partial>
    <partial label="v_of_rho" calls="1">
      <cpu>4.534999999999997E-003</cpu>
      <wall>6.973028182983398E-003</wall>
    </partial>
    <partial label="v_xc" calls="1">
      <cpu>4.524000000000000E-003</cpu>
      <wall>6.430864334106445E-003</wall>
    </partial>
    <partial label="v_h" calls="1">
      <cpu>9.000000000009001E-006</cpu>
      <wall>5.359649658203125E-004</wall>
    </partial>
    <partial label="wfcinit" calls="1">
      <cpu>0.000000000000000E+000</cpu>
      <wall>3.290176391601562E-004</wall>
    </partial>
    <partial label="electrons" calls="1">
      <cpu>1.132400000000000E-002</cpu>
      <wall>1.722315073013306E+000</wall>
    </partial>
    <partial label="c_bands" calls="1">
      <cpu>8.290999999999993E-003</cpu>
      <wall>1.718080043792725E+000</wall>
    </partial>
    <partial label="init_us_2" calls="47">
      <cpu>2.770000000000133E-004</cpu>
      <wall>2.424240112304688E-003</wall>
    </partial>
    <partial label="wfcinit:atom" calls="47">
      <cpu>1.179999999999931E-004</cpu>
      <wall>1.644611358642578E-003</wall>
    </partial>
    <partial label="atomic_wfc" calls="47">
      <cpu>1.069999999999821E-004</cpu>
      <wall>1.515388488769531E-003</wall>
    </partial>
    <partial label="wfcinit:wfcr" calls="47">
      <cpu>5.760000000000015E-003</cpu>
      <wall>1.059882640838623E-001</wall>
    </partial>
    <partial label="wfcrot" calls="47">
      <cpu>5.754000000000009E-003</cpu>
      <wall>1.058497428894043E-001</wall>
    </partial>
    <partial label="rotwfck" calls="47">
      <cpu>5.743999999999999E-003</cpu>
      <wall>1.057162284851074E-001</wall>
    </partial>
    <partial label="rotwfck:hpsi" calls="47">
      <cpu>5.736000000000005E-003</cpu>
      <wall>9.920072555541992E-002</wall>
    </partial>
    <partial label="h_psi_bgrp" calls="1645">
      <cpu>6.541000000000019E-003</cpu>
      <wall>1.442308425903320E+000</wall>
    </partial>
    <partial label="h_psi" calls="1645">
      <cpu>6.524000000000002E-003</cpu>
      <wall>1.437745332717896E+000</wall>
    </partial>
    <partial label="h_psi:pot" calls="1645">
      <cpu>6.495999999999974E-003</cpu>
      <wall>1.431373834609985E+000</wall>
    </partial>
    <partial label="vloc_psi" calls="1645">
      <cpu>6.397999999999973E-003</cpu>
      <wall>1.313173770904541E+000</wall>
    </partial>
    <partial label="fftw" calls="11432">
      <cpu>5.752999999999994E-003</cpu>
      <wall>1.149394750595093E+000</wall>
    </partial>
    <partial label="h_psi:calbec" calls="1645">
      <cpu>4.500000000000337E-005</cpu>
      <wall>6.553840637207031E-002</wall>
    </partial>
    <partial label="calbec" calls="1645">
      <cpu>3.599999999999437E-005</cpu>
      <wall>6.079483032226562E-002</wall>
    </partial>
    <partial label="add_vuspsi" calls="1645">
      <cpu>2.699999999998537E-005</cpu>
      <wall>4.351711273193359E-002</wall>
    </partial>
    <partial label="rotwfck:hc" calls="47">
      <cpu>0.000000000000000E+000</cpu>
      <wall>3.889799118041992E-003</wall>
    </partial>
    <partial label="rotwfck:diag" calls="47">
      <cpu>0.000000000000000E+000</cpu>
      <wall>9.620189666748047E-004</wall>
    </partial>
    <partial label="cdiaghg" calls="1543">
      <cpu>4.399999999998849E-005</cpu>
      <wall>2.822828292846680E-002</wall>
    </partial>
    <partial label="rotwfck:evc" calls="47">
      <cpu>0.000000000000000E+000</cpu>
      <wall>1.333236694335938E-003</wall>
    </partial>
    <partial label="cegterg" calls="102">
      <cpu>9.639999999999926E-004</cpu>
      <wall>1.566590309143066E+000</wall>
    </partial>
    <partial label="cegterg:init" calls="102">
      <cpu>0.000000000000000E+000</cpu>
      <wall>4.972457885742188E-003</wall>
    </partial>
    <partial label="cegterg:upda" calls="1496">
      <cpu>2.800000000000025E-005</cpu>
      <wall>3.344249725341797E-002</wall>
    </partial>
    <partial label="g_psi" calls="1496">
      <cpu>6.999999999993123E-006</cpu>
      <wall>5.643367767333984E-003</wall>
    </partial>
    <partial label="cegterg:over" calls="1496">
      <cpu>3.599999999999437E-005</cpu>
      <wall>7.039976119995117E-002</wall>
    </partial>
    <partial label="cegterg:diag" calls="1496">
      <cpu>5.199999999999649E-005</cpu>
      <wall>3.160524368286133E-002</wall>
    </partial>
    <partial label="cegterg:last" calls="871">
      <cpu>0.000000000000000E+000</cpu>
      <wall>5.676817893981934E-002</wall>
    </partial>
    <partial label="davcio" calls="47">
      <cpu>1.999999999988122E-006</cpu>
      <wall>1.644682884216309E-002</wall>
    </partial>
    <partial label="ions" calls="1">
      <cpu>0.000000000000000E+000</cpu>
      <wall>1.907348632812500E-006</wall>
    </partial>
  </timing_info>
  <closed DATE="20 Nov 2025" TIME="10:25: 4"></closed>
</qes:espresso>
