<?xml version="1.0" encoding="UTF-8"?>
<!-- All quantities are in Hartree atomic units unless otherwise specified -->
<qes:espresso xmlns:xsi="http://www.w3.org/2001/XMLSchema-instance" xmlns:qes="http://www.quantum-espresso.org/ns/qes/qes-1.0" xsi:schemaLocation="http://www.quantum-espresso.org/ns/qes/qes-1.0 http://www.quantum-espresso.org/ns/qes/qes_240411.xsd" Units="Hartree atomic units">
  <general_info>
    <xml_format NAME="QEXSD" VERSION="24.04.11">QEXSD_24.04.11</xml_format>
    <creator NAME="PWSCF" VERSION="7.3.1">XML file generated by PWSCF</creator>
    <created DATE="27Nov2025" TIME="12:53:41">This run was terminated on:  12:53:41  27 Nov 2025</created>
    <job></job>
  </general_info>
  <parallel_info>
    <nprocs>1</nprocs>
    <nthreads>1</nthreads>
    <ntasks>1</ntasks>
    <nbgrp>1</nbgrp>
    <npool>1</npool>
    <ndiag>1</ndiag>
  </parallel_info>
  <input>
    <control_variables>
      <title></title>
      <calculation>vc-relax</calculation>
      <restart_mode>from_scratch</restart_mode>
      <prefix>diamond</prefix>
      <pseudo_dir>./pseudo/</pseudo_dir>
      <outdir>./output/</outdir>
      <stress>false</stress>
      <forces>false</forces>
      <wf_collect>true</wf_collect>
      <disk_io>low</disk_io>
      <max_seconds>10000000</max_seconds>
      <nstep>50</nstep>
      <etot_conv_thr>5.000000000000000E-005</etot_conv_thr>
      <forc_conv_thr>5.000000000000000E-004</forc_conv_thr>
      <press_conv_thr>5.000000000000000E-001</press_conv_thr>
      <verbosity>low</verbosity>
      <print_every>100000</print_every>
      <fcp>false</fcp>
      <rism>false</rism>
    </control_variables>
    <atomic_species ntyp="1">
      <species name="C">
        <mass>1.201070000000000E+001</mass>
        <pseudo_file>C.upf</pseudo_file>
      </species>
    </atomic_species>
    <atomic_structure nat="2" alat="6.5000000000000000" bravais_index="2">
      <atomic_positions>
        <atom name="C" index="1">
  0.000000000000000E+000  0.000000000000000E+000  0.000000000000000E+000
        </atom>
        <atom name="C" index="2">1.560000000000000E+000  1.560000000000000E+000  1.560000000000000E+000</atom>
      </atomic_positions>
      <cell>
        <a1>-3.250000000000000E+000  0.000000000000000E+000  3.250000000000000E+000</a1>
        <a2>0.000000000000000E+000  3.250000000000000E+000  3.250000000000000E+000</a2>
        <a3>-3.250000000000000E+000  3.250000000000000E+000  0.000000000000000E+000</a3>
      </cell>
    </atomic_structure>
    <dft>
      <functional>PBE</functional>
    </dft>
    <spin>
      <lsda>false</lsda>
      <noncolin>false</noncolin>
      <spinorbit>false</spinorbit>
    </spin>
    <bands>
      <nbnd>6</nbnd>
      <tot_charge>0.000000000000000E+000</tot_charge>
      <occupations>fixed</occupations>
    </bands>
    <basis>
      <gamma_only>false</gamma_only>
      <ecutwfc>3.900000000000000E+001</ecutwfc>
      <ecutrho>1.560000000000000E+002</ecutrho>
    </basis>
    <electron_control>
      <diagonalization>davidson</diagonalization>
      <mixing_mode>plain</mixing_mode>
      <mixing_beta>7.000000000000000E-001</mixing_beta>
      <conv_thr>5.000000000000000E-007</conv_thr>
      <mixing_ndim>8</mixing_ndim>
      <max_nstep>100</max_nstep>
      <exx_nstep>100</exx_nstep>
      <real_space_q>false</real_space_q>
      <real_space_beta>false</real_space_beta>
      <tq_smoothing>false</tq_smoothing>
      <tbeta_smoothing>false</tbeta_smoothing>
      <diago_thr_init>0.000000000000000E+000</diago_thr_init>
      <diago_full_acc>false</diago_full_acc>
      <diago_cg_maxiter>20</diago_cg_maxiter>
      <diago_ppcg_maxiter>20</diago_ppcg_maxiter>
      <diago_rmm_ndim>4</diago_rmm_ndim>
      <diago_gs_nblock>16</diago_gs_nblock>
      <diago_rmm_conv>false</diago_rmm_conv>
    </electron_control>
    <k_points_IBZ>
      <monkhorst_pack nk1="8" nk2="8" nk3="8" k1="0" k2="0" k3="0">Monkhorst-Pack</monkhorst_pack>
    </k_points_IBZ>
    <ion_control>
      <ion_dynamics>bfgs</ion_dynamics>
      <upscale>1.000000000000000E+002</upscale>
      <remove_rigid_rot>false</remove_rigid_rot>
      <refold_pos>false</refold_pos>
      <bfgs>
        <ndim>1</ndim>
        <trust_radius_min>1.000000000000000E-004</trust_radius_min>
        <trust_radius_max>8.000000000000000E-001</trust_radius_max>
        <trust_radius_init>5.000000000000000E-001</trust_radius_init>
        <w1>1.000000000000000E-002</w1>
        <w2>5.000000000000000E-001</w2>
      </bfgs>
    </ion_control>
    <cell_control>
      <cell_dynamics>bfgs</cell_dynamics>
      <pressure>0.000000000000000E+000</pressure>
      <wmass>0.000000000000000E+000</wmass>
      <cell_do_free>ibrav</cell_do_free>
    </cell_control>
    <symmetry_flags>
      <nosym>false</nosym>
      <nosym_evc>false</nosym_evc>
      <noinv>false</noinv>
      <no_t_rev>false</no_t_rev>
      <force_symmorphic>false</force_symmorphic>
      <use_all_frac>false</use_all_frac>
    </symmetry_flags>
    <free_positions rank="2" dims="           3           2">
           1           1           1
           1           1           1
    </free_positions>
  </input>
  <step>
    <scf_conv>
      <convergence_achieved>true</convergence_achieved>
      <n_scf_steps>5</n_scf_steps>
      <scf_error>6.363211482636950E-008</scf_error>
    </scf_conv>
    <atomic_structure nat="2" alat="6.5000000000000000">
      <atomic_positions>
        <atom name="C" index="1">
  0.000000000000000E+000  0.000000000000000E+000  0.000000000000000E+000
        </atom>
        <atom name="C" index="2">1.560000000000000E+000  1.560000000000000E+000  1.560000000000000E+000</atom>
      </atomic_positions>
      <cell>
        <a1>-3.250000000000000E+000  0.000000000000000E+000  3.250000000000000E+000</a1>
        <a2>0.000000000000000E+000  3.250000000000000E+000  3.250000000000000E+000</a2>
        <a3>-3.250000000000000E+000  3.250000000000000E+000  0.000000000000000E+000</a3>
      </cell>
    </atomic_structure>
    <total_energy>
      <etot>-1.202677152955098E+001</etot>
      <eband>1.681661398849826E+000</eband>
      <ehart>9.136332174791205E-001</ehart>
      <vtxc>-4.895105446101520E+000</vtxc>
      <etxc>-4.437300887751881E+000</etxc>
      <ewald>-1.325285302839104E+001</ewald>
    </total_energy>
    <forces rank="2" dims="           3           2">
 -3.448345530521421E-002 -3.448345530521421E-002 -3.448345530521421E-002
  3.448345530521421E-002  3.448345530521421E-002  3.448345530521421E-002
    </forces>
    <stress rank="2" dims="           3           3">
  2.100470713740533E-003  2.147535919060422E-004  2.147535919060422E-004
  2.147535919060422E-004  2.100470713740533E-003  2.147535919060422E-004
  2.147535919060420E-004  2.147535919060422E-004  2.100470713740533E-003
    </stress>
  </step>
  <step>
    <scf_conv>
      <convergence_achieved>true</convergence_achieved>
      <n_scf_steps>4</n_scf_steps>
      <scf_error>4.067068082853152E-007</scf_error>
    </scf_conv>
    <atomic_structure nat="2" alat="6.5000000000000000">
      <atomic_positions>
        <atom name="C" index="1">
 -7.546951481933413E-002 -7.546951481933412E-002 -7.546951481933412E-002
        </atom>
        <atom name="C" index="2">1.782555450322424E+000  1.782555450322425E+000  1.782555450322425E+000</atom>
      </atomic_positions>
      <cell>
        <a1>-3.556429032298105E+000  0.000000000000000E+000  3.556429032298105E+000</a1>
        <a2>0.000000000000000E+000  3.556429032298105E+000  3.556429032298105E+000</a2>
        <a3>-3.556429032298105E+000  3.556429032298105E+000  0.000000000000000E+000</a3>
      </cell>
    </atomic_structure>
    <total_energy>
      <etot>-1.202145319070918E+001</etot>
      <eband>7.538693444068665E-001</eband>
      <ehart>1.054074603718870E+000</ehart>
      <vtxc>-4.598308931957678E+000</vtxc>
      <etxc>-4.207615478605857E+000</etxc>
      <ewald>-1.211115599624056E+001</ewald>
    </total_energy>
    <forces rank="2" dims="           3           2">
  1.957498872250741E-002  1.957498872250741E-002  1.957498872250741E-002
 -1.957498872250741E-002 -1.957498872250741E-002 -1.957498872250741E-002
    </forces>
    <stress rank="2" dims="           3           3">
 -1.786207299680838E-003  1.012756415508368E-004  1.012756415508373E-004
  1.012756415508368E-004 -1.786207299680838E-003  1.012756415508373E-004
  1.012756415508368E-004  1.012756415508368E-004 -1.786207299680838E-003
    </stress>
  </step>
  <step>
    <scf_conv>
      <convergence_achieved>true</convergence_achieved>
      <n_scf_steps>4</n_scf_steps>
      <scf_error>2.423251081619700E-008</scf_error>
    </scf_conv>
    <atomic_structure nat="2" alat="6.5000000000000000">
      <atomic_positions>
        <atom name="C" index="1">
 -3.279792511430590E-002 -3.279792511430590E-002 -3.279792511430592E-002
        </atom>
        <atom name="C" index="2">1.659863000947190E+000  1.659863000947190E+000  1.659863000947190E+000</atom>
      </atomic_positions>
      <cell>
        <a1>-3.389718907985176E+000  0.000000000000000E+000  3.389718907985176E+000</a1>
        <a2>0.000000000000000E+000  3.389718907985176E+000  3.389718907985176E+000</a2>
        <a3>-3.389718907985176E+000  3.389718907985176E+000  0.000000000000000E+000</a3>
      </cell>
    </atomic_structure>
    <total_energy>
      <etot>-1.203738813975831E+001</etot>
      <eband>1.225389449536483E+000</eband>
      <ehart>9.750116847702996E-001</ehart>
      <vtxc>-4.750436637197145E+000</vtxc>
      <etxc>-4.325126188580886E+000</etxc>
      <ewald>-1.271325566942133E+001</ewald>
    </total_energy>
    <forces rank="2" dims="           3           2">
 -8.278260747031579E-004 -8.278260747031579E-004 -8.278260747031579E-004
  8.278260747031579E-004  8.278260747031579E-004  8.278260747031579E-004
    </forces>
    <stress rank="2" dims="           3           3">
 -2.304918995564657E-004  1.016854649332606E-006  1.016854649332633E-006
  1.016854649332606E-006 -2.304918995564657E-004  1.016854649332606E-006
  1.016854649332633E-006  1.016854649332606E-006 -2.304918995564657E-004
    </stress>
  </step>
  <step>
    <scf_conv>
      <convergence_achieved>true</convergence_achieved>
      <n_scf_steps>4</n_scf_steps>
      <scf_error>1.580430197219062E-009</scf_error>
    </scf_conv>
    <atomic_structure nat="2" alat="6.5000000000000000">
      <atomic_positions>
        <atom name="C" index="1">
 -3.753459546614878E-002 -3.753459546614878E-002 -3.753459546614879E-002
        </atom>
        <atom name="C" index="2">1.653263925612158E+000  1.653263925612158E+000  1.653263925612158E+000</atom>
      </atomic_positions>
      <cell>
        <a1>-3.366102771137519E+000  0.000000000000000E+000  3.366102771137519E+000</a1>
        <a2>0.000000000000000E+000  3.366102771137519E+000  3.366102771137519E+000</a2>
        <a3>-3.366102771137519E+000  3.366102771137519E+000  0.000000000000000E+000</a3>
      </cell>
    </atomic_structure>
    <total_energy>
      <etot>-1.203748191334695E+001</etot>
      <eband>1.298494867164758E+000</eband>
      <ehart>9.642018203913633E-001</ehart>
      <vtxc>-4.773683180282686E+000</vtxc>
      <etxc>-4.343115078878238E+000</etxc>
      <ewald>-1.280237852676484E+001</ewald>
    </total_energy>
    <forces rank="2" dims="           3           2">
  2.943802845850442E-003  2.943802845850442E-003  2.943802845850442E-003
 -2.943802845850442E-003 -2.943802845850442E-003 -2.943802845850442E-003
    </forces>
    <stress rank="2" dims="           3           3">
  8.158470418827803E-005 -5.590249067054632E-006 -5.590249067054618E-006
 -5.590249067054625E-006  8.158470418827803E-005 -5.590249067054625E-006
 -5.590249067054618E-006 -5.590249067054625E-006  8.158470418827803E-005
    </stress>
  </step>
  <step>
    <scf_conv>
      <convergence_achieved>true</convergence_achieved>
      <n_scf_steps>3</n_scf_steps>
      <scf_error>1.451610172384672E-008</scf_error>
    </scf_conv>
    <atomic_structure nat="2" alat="6.5000000000000000">
      <atomic_positions>
        <atom name="C" index="1">
 -3.349682366495862E-002 -3.349682366495863E-002 -3.349682366495863E-002
        </atom>
        <atom name="C" index="2">1.651954099961192E+000  1.651954099961192E+000  1.651954099961192E+000</atom>
      </atomic_positions>
      <cell>
        <a1>-3.371785992283821E+000  0.000000000000000E+000  3.371785992283821E+000</a1>
        <a2>0.000000000000000E+000  3.371785992283821E+000  3.371785992283821E+000</a2>
        <a3>-3.371785992283821E+000  3.371785992283821E+000  0.000000000000000E+000</a3>
      </cell>
    </atomic_structure>
    <total_energy>
      <etot>-1.203753242329016E+001</etot>
      <eband>1.280807700647080E+000</eband>
      <ehart>9.667755865028131E-001</ehart>
      <vtxc>-4.768040827247034E+000</vtxc>
      <etxc>-4.338746882913951E+000</etxc>
      <ewald>-1.278087743037301E+001</ewald>
    </total_energy>
    <forces rank="2" dims="           3           2">
 -1.778723909674087E-004 -1.778723909674087E-004 -1.778723909674087E-004
  1.778723909674087E-004  1.778723909674087E-004  1.778723909674087E-004
    </forces>
    <stress rank="2" dims="           3           3">
  3.519276216287549E-006  5.476506912943493E-007  5.476506912943494E-007
  5.476506912943493E-007  3.519276216287549E-006  5.476506912943493E-007
  5.476506912943492E-007  5.476506912943493E-007  3.519276216287549E-006
    </stress>
  </step>
  <step>
    <scf_conv>
      <convergence_achieved>true</convergence_achieved>
      <n_scf_steps>2</n_scf_steps>
      <scf_error>7.893208749116835E-010</scf_error>
    </scf_conv>
    <atomic_structure nat="2" alat="6.5000000000000000">
      <atomic_positions>
        <atom name="C" index="1">
 -3.374393134183008E-002 -3.374393134183008E-002 -3.374393134183008E-002
        </atom>
        <atom name="C" index="2">1.652335476979218E+000  1.652335476979217E+000  1.652335476979217E+000</atom>
      </atomic_positions>
      <cell>
        <a1>-3.372065720077891E+000  0.000000000000000E+000  3.372065720077891E+000</a1>
        <a2>0.000000000000000E+000  3.372065720077891E+000  3.372065720077891E+000</a2>
        <a3>-3.372065720077891E+000  3.372065720077891E+000  0.000000000000000E+000</a3>
      </cell>
    </atomic_structure>
    <total_energy>
      <etot>-1.203753256525714E+001</etot>
      <eband>1.279961346702669E+000</eband>
      <ehart>9.668927071791944E-001</ehart>
      <vtxc>-4.767758594131357E+000</vtxc>
      <etxc>-4.338527901334889E+000</etxc>
      <ewald>-1.277981745355542E+001</ewald>
    </total_energy>
    <forces rank="2" dims="           3           2">
  1.854917535881748E-005  1.854917535881748E-005  1.854917535881748E-005
 -1.854917535881748E-005 -1.854917535881748E-005 -1.854917535881748E-005
    </forces>
    <stress rank="2" dims="           3           3">
 -3.879732211314186E-007  1.456901769599465E-008  1.456901769599465E-008
  1.456901769599465E-008 -3.879732211314186E-007  1.456901769599465E-008
  1.456901769599465E-008  1.456901769599465E-008 -3.879732211314186E-007
    </stress>
  </step>
  <output>
    <convergence_info>
      <scf_conv>
        <convergence_achieved>true</convergence_achieved>
        <n_scf_steps>6</n_scf_steps>
        <scf_error>7.847119276103607E-010</scf_error>
      </scf_conv>
      <opt_conv>
        <convergence_achieved>true</convergence_achieved>
        <n_opt_steps>4</n_opt_steps>
        <grad_norm>8.355268337770173E-005</grad_norm>
      </opt_conv>
      <wf_collected>true</wf_collected>
    </convergence_info>
    <algorithmic_info>
      <real_space_q>false</real_space_q>
      <real_space_beta>false</real_space_beta>
      <uspp>false</uspp>
      <paw>false</paw>
    </algorithmic_info>
    <atomic_species ntyp="1" pseudo_dir="./pseudo/">
      <species name="C">
        <mass>1.201070000000000E+001</mass>
        <pseudo_file>C.upf</pseudo_file>
      </species>
    </atomic_species>
    <atomic_structure nat="2" num_of_atomic_wfc="8" alat="6.5000000000000000" bravais_index="2">
      <atomic_positions>
        <atom name="C" index="1">
 -3.374393134183008E-002 -3.374393134183008E-002 -3.374393134183008E-002
        </atom>
        <atom name="C" index="2">1.652335476979218E+000  1.652335476979217E+000  1.652335476979217E+000</atom>
      </atomic_positions>
      <cell>
        <a1>-3.372065720077891E+000  0.000000000000000E+000  3.372065720077891E+000</a1>
        <a2>0.000000000000000E+000  3.372065720077891E+000  3.372065720077891E+000</a2>
        <a3>-3.372065720077891E+000  3.372065720077891E+000  0.000000000000000E+000</a3>
      </cell>
    </atomic_structure>
    <symmetries>
      <nsym>6</nsym>
      <nrot>48</nrot>
      <space_group>0</space_group>
      <symmetry>
        <info name="identity">crystal_symmetry</info>
        <rotation rank="2" dims="           3           3">
  1.000000000000000E+000  0.000000000000000E+000  0.000000000000000E+000
  0.000000000000000E+000  1.000000000000000E+000  0.000000000000000E+000
  0.000000000000000E+000  0.000000000000000E+000  1.000000000000000E+000
        </rotation>
        <fractional_translation>
  0.000000000000000E+000  0.000000000000000E+000  0.000000000000000E+000
        </fractional_translation>
        <equivalent_atoms size="2" nat="2">
           1           2
        </equivalent_atoms>
      </symmetry>
      <symmetry>
        <info name="120 deg rotation - cart. axis [-1,-1,-1]">crystal_symmetry</info>
        <rotation rank="2" dims="           3           3">
 -1.000000000000000E+000 -1.000000000000000E+000 -1.000000000000000E+000
  0.000000000000000E+000  1.000000000000000E+000  0.000000000000000E+000
  1.000000000000000E+000  0.000000000000000E+000  0.000000000000000E+000
        </rotation>
        <fractional_translation>
  0.000000000000000E+000  0.000000000000000E+000  0.000000000000000E+000
        </fractional_translation>
        <equivalent_atoms size="2" nat="2">
           1           2
        </equivalent_atoms>
      </symmetry>
      <symmetry>
        <info name="120 deg rotation - cart. axis [1,1,1]">crystal_symmetry</info>
        <rotation rank="2" dims="           3           3">
  0.000000000000000E+000  0.000000000000000E+000  1.000000000000000E+000
  0.000000000000000E+000  1.000000000000000E+000  0.000000000000000E+000
 -1.000000000000000E+000 -1.000000000000000E+000 -1.000000000000000E+000
        </rotation>
        <fractional_translation>
  0.000000000000000E+000  0.000000000000000E+000  0.000000000000000E+000
        </fractional_translation>
        <equivalent_atoms size="2" nat="2">
           1           2
        </equivalent_atoms>
      </symmetry>
      <symmetry>
        <info name="inv. 180 deg rotation - cart. axis [1,-1,0]">crystal_symmetry</info>
        <rotation rank="2" dims="           3           3">
  1.000000000000000E+000  0.000000000000000E+000  0.000000000000000E+000
  0.000000000000000E+000  1.000000000000000E+000  0.000000000000000E+000
 -1.000000000000000E+000 -1.000000000000000E+000 -1.000000000000000E+000
        </rotation>
        <fractional_translation>
  0.000000000000000E+000  0.000000000000000E+000  0.000000000000000E+000
        </fractional_translation>
        <equivalent_atoms size="2" nat="2">
           1           2
        </equivalent_atoms>
      </symmetry>
      <symmetry>
        <info name="inv. 180 deg rotation - cart. axis [-1,0,1]">crystal_symmetry</info>
        <rotation rank="2" dims="           3           3">
 -1.000000000000000E+000 -1.000000000000000E+000 -1.000000000000000E+000
  0.000000000000000E+000  1.000000000000000E+000  0.000000000000000E+000
  0.000000000000000E+000  0.000000000000000E+000  1.000000000000000E+000
        </rotation>
        <fractional_translation>
  0.000000000000000E+000  0.000000000000000E+000  0.000000000000000E+000
        </fractional_translation>
        <equivalent_atoms size="2" nat="2">
           1           2
        </equivalent_atoms>
      </symmetry>
      <symmetry>
        <info name="inv. 180 deg rotation - cart. axis [0,1,-1]">crystal_symmetry</info>
        <rotation rank="2" dims="           3           3">
  0.000000000000000E+000  0.000000000000000E+000  1.000000000000000E+000
  0.000000000000000E+000  1.000000000000000E+000  0.000000000000000E+000
  1.000000000000000E+000  0.000000000000000E+000  0.000000000000000E+000
        </rotation>
        <fractional_translation>
  0.000000000000000E+000  0.000000000000000E+000  0.000000000000000E+000
        </fractional_translation>
        <equivalent_atoms size="2" nat="2">
           1           2
        </equivalent_atoms>
      </symmetry>
      <symmetry>
        <info name=" 90 deg rotation - cart. axis [0,0,-1]">lattice_symmetry</info>
        <rotation rank="2" dims="           3           3">
  0.000000000000000E+000  0.000000000000000E+000 -1.000000000000000E+000
  1.000000000000000E+000  1.000000000000000E+000  1.000000000000000E+000
  0.000000000000000E+000 -1.000000000000000E+000  0.000000000000000E+000
        </rotation>
      </symmetry>
      <symmetry>
        <info name=" 90 deg rotation - cart. axis [0,0,1]">lattice_symmetry</info>
        <rotation rank="2" dims="           3           3">
  1.000000000000000E+000  1.000000000000000E+000  1.000000000000000E+000
  0.000000000000000E+000  0.000000000000000E+000 -1.000000000000000E+000
 -1.000000000000000E+000  0.000000000000000E+000  0.000000000000000E+000
        </rotation>
      </symmetry>
      <symmetry>
        <info name="180 deg rotation - cart. axis [1,0,1]">lattice_symmetry</info>
        <rotation rank="2" dims="           3           3">
 -1.000000000000000E+000  0.000000000000000E+000  0.000000000000000E+000
  0.000000000000000E+000  0.000000000000000E+000 -1.000000000000000E+000
  0.000000000000000E+000 -1.000000000000000E+000  0.000000000000000E+000
        </rotation>
      </symmetry>
      <symmetry>
        <info name="180 deg rotation - cart. axis [-1,0,1]">lattice_symmetry</info>
        <rotation rank="2" dims="           3           3">
  1.000000000000000E+000  1.000000000000000E+000  1.000000000000000E+000
  0.000000000000000E+000 -1.000000000000000E+000  0.000000000000000E+000
  0.000000000000000E+000  0.000000000000000E+000 -1.000000000000000E+000
        </rotation>
      </symmetry>
      <symmetry>
        <info name=" 90 deg rotation - cart. axis [0,1,0]">lattice_symmetry</info>
        <rotation rank="2" dims="           3           3">
  0.000000000000000E+000 -1.000000000000000E+000  0.000000000000000E+000
  1.000000000000000E+000  1.000000000000000E+000  1.000000000000000E+000
 -1.000000000000000E+000  0.000000000000000E+000  0.000000000000000E+000
        </rotation>
      </symmetry>
      <symmetry>
        <info name=" 90 deg rotation - cart. axis [0,-1,0]">lattice_symmetry</info>
        <rotation rank="2" dims="           3           3">
  0.000000000000000E+000  0.000000000000000E+000 -1.000000000000000E+000
 -1.000000000000000E+000  0.000000000000000E+000  0.000000000000000E+000
  1.000000000000000E+000  1.000000000000000E+000  1.000000000000000E+000
        </rotation>
      </symmetry>
      <symmetry>
        <info name="180 deg rotation - cart. axis [0,1,1]">lattice_symmetry</info>
        <rotation rank="2" dims="           3           3">
 -1.000000000000000E+000  0.000000000000000E+000  0.000000000000000E+000
  1.000000000000000E+000  1.000000000000000E+000  1.000000000000000E+000
  0.000000000000000E+000  0.000000000000000E+000 -1.000000000000000E+000
        </rotation>
      </symmetry>
      <symmetry>
        <info name="180 deg rotation - cart. axis [0,1,-1]">lattice_symmetry</info>
        <rotation rank="2" dims="           3           3">
  0.000000000000000E+000  0.000000000000000E+000 -1.000000000000000E+000
  0.000000000000000E+000 -1.000000000000000E+000  0.000000000000000E+000
 -1.000000000000000E+000  0.000000000000000E+000  0.000000000000000E+000
        </rotation>
      </symmetry>
      <symmetry>
        <info name=" 90 deg rotation - cart. axis [-1,0,0]">lattice_symmetry</info>
        <rotation rank="2" dims="           3           3">
  0.000000000000000E+000 -1.000000000000000E+000  0.000000000000000E+000
  0.000000000000000E+000  0.000000000000000E+000 -1.000000000000000E+000
  1.000000000000000E+000  1.000000000000000E+000  1.000000000000000E+000
        </rotation>
      </symmetry>
      <symmetry>
        <info name=" 90 deg rotation - cart. axis [1,0,0]">lattice_symmetry</info>
        <rotation rank="2" dims="           3           3">
  1.000000000000000E+000  1.000000000000000E+000  1.000000000000000E+000
 -1.000000000000000E+000  0.000000000000000E+000  0.000000000000000E+000
  0.000000000000000E+000 -1.000000000000000E+000  0.000000000000000E+000
        </rotation>
      </symmetry>
      <symmetry>
        <info name="180 deg rotation - cart. axis [0,0,1]">lattice_symmetry</info>
        <rotation rank="2" dims="           3           3">
  0.000000000000000E+000  1.000000000000000E+000  0.000000000000000E+000
  1.000000000000000E+000  0.000000000000000E+000  0.000000000000000E+000
 -1.000000000000000E+000 -1.000000000000000E+000 -1.000000000000000E+000
        </rotation>
      </symmetry>
      <symmetry>
        <info name="120 deg rotation - cart. axis [-1,1,1]">lattice_symmetry</info>
        <rotation rank="2" dims="           3           3">
  0.000000000000000E+000  0.000000000000000E+000  1.000000000000000E+000
  1.000000000000000E+000  0.000000000000000E+000  0.000000000000000E+000
  0.000000000000000E+000  1.000000000000000E+000  0.000000000000000E+000
        </rotation>
      </symmetry>
      <symmetry>
        <info name="120 deg rotation - cart. axis [1,1,-1]">lattice_symmetry</info>
        <rotation rank="2" dims="           3           3">
  1.000000000000000E+000  0.000000000000000E+000  0.000000000000000E+000
  0.000000000000000E+000  0.000000000000000E+000  1.000000000000000E+000
 -1.000000000000000E+000 -1.000000000000000E+000 -1.000000000000000E+000
        </rotation>
      </symmetry>
      <symmetry>
        <info name="120 deg rotation - cart. axis [1,-1,1]">lattice_symmetry</info>
        <rotation rank="2" dims="           3           3">
  0.000000000000000E+000  1.000000000000000E+000  0.000000000000000E+000
 -1.000000000000000E+000 -1.000000000000000E+000 -1.000000000000000E+000
  0.000000000000000E+000  0.000000000000000E+000  1.000000000000000E+000
        </rotation>
      </symmetry>
      <symmetry>
        <info name="180 deg rotation - cart. axis [0,1,0]">lattice_symmetry</info>
        <rotation rank="2" dims="           3           3">
 -1.000000000000000E+000 -1.000000000000000E+000 -1.000000000000000E+000
  0.000000000000000E+000  0.000000000000000E+000  1.000000000000000E+000
  0.000000000000000E+000  1.000000000000000E+000  0.000000000000000E+000
        </rotation>
      </symmetry>
      <symmetry>
        <info name="120 deg rotation - cart. axis [-1,1,-1]">lattice_symmetry</info>
        <rotation rank="2" dims="           3           3">
 -1.000000000000000E+000 -1.000000000000000E+000 -1.000000000000000E+000
  1.000000000000000E+000  0.000000000000000E+000  0.000000000000000E+000
  0.000000000000000E+000  0.000000000000000E+000  1.000000000000000E+000
        </rotation>
      </symmetry>
      <symmetry>
        <info name="120 deg rotation - cart. axis [1,-1,-1]">lattice_symmetry</info>
        <rotation rank="2" dims="           3           3">
  0.000000000000000E+000  1.000000000000000E+000  0.000000000000000E+000
  0.000000000000000E+000  0.000000000000000E+000  1.000000000000000E+000
  1.000000000000000E+000  0.000000000000000E+000  0.000000000000000E+000
        </rotation>
      </symmetry>
      <symmetry>
        <info name="120 deg rotation - cart. axis [-1,-1,1]">lattice_symmetry</info>
        <rotation rank="2" dims="           3           3">
  1.000000000000000E+000  0.000000000000000E+000  0.000000000000000E+000
 -1.000000000000000E+000 -1.000000000000000E+000 -1.000000000000000E+000
  0.000000000000000E+000  1.000000000000000E+000  0.000000000000000E+000
        </rotation>
      </symmetry>
      <symmetry>
        <info name="inversion">lattice_symmetry</info>
        <rotation rank="2" dims="           3           3">
 -1.000000000000000E+000  0.000000000000000E+000  0.000000000000000E+000
  0.000000000000000E+000 -1.000000000000000E+000  0.000000000000000E+000
  0.000000000000000E+000  0.000000000000000E+000 -1.000000000000000E+000
        </rotation>
      </symmetry>
      <symmetry>
        <info name="inv. 180 deg rotation - cart. axis [0,0,1]">lattice_symmetry</info>
        <rotation rank="2" dims="           3           3">
  0.000000000000000E+000 -1.000000000000000E+000  0.000000000000000E+000
 -1.000000000000000E+000  0.000000000000000E+000  0.000000000000000E+000
  1.000000000000000E+000  1.000000000000000E+000  1.000000000000000E+000
        </rotation>
      </symmetry>
      <symmetry>
        <info name="inv. 180 deg rotation - cart. axis [0,1,0]">lattice_symmetry</info>
        <rotation rank="2" dims="           3           3">
  1.000000000000000E+000  1.000000000000000E+000  1.000000000000000E+000
  0.000000000000000E+000  0.000000000000000E+000 -1.000000000000000E+000
  0.000000000000000E+000 -1.000000000000000E+000  0.000000000000000E+000
        </rotation>
      </symmetry>
      <symmetry>
        <info name="inv. 180 deg rotation - cart. axis [1,0,0]">lattice_symmetry</info>
        <rotation rank="2" dims="           3           3">
  0.000000000000000E+000  0.000000000000000E+000 -1.000000000000000E+000
  1.000000000000000E+000  1.000000000000000E+000  1.000000000000000E+000
 -1.000000000000000E+000  0.000000000000000E+000  0.000000000000000E+000
        </rotation>
      </symmetry>
      <symmetry>
        <info name="inv. 180 deg rotation - cart. axis [1,1,0]">lattice_symmetry</info>
        <rotation rank="2" dims="           3           3">
  0.000000000000000E+000  1.000000000000000E+000  0.000000000000000E+000
  1.000000000000000E+000  0.000000000000000E+000  0.000000000000000E+000
  0.000000000000000E+000  0.000000000000000E+000  1.000000000000000E+000
        </rotation>
      </symmetry>
      <symmetry>
        <info name="180 deg rotation - cart. axis [1,0,0]">lattice_symmetry</info>
        <rotation rank="2" dims="           3           3">
  0.000000000000000E+000  0.000000000000000E+000  1.000000000000000E+000
 -1.000000000000000E+000 -1.000000000000000E+000 -1.000000000000000E+000
  1.000000000000000E+000  0.000000000000000E+000  0.000000000000000E+000
        </rotation>
      </symmetry>
      <symmetry>
        <info name="inv.  90 deg rotation - cart. axis [0,0,-1]">lattice_symmetry</info>
        <rotation rank="2" dims="           3           3">
  0.000000000000000E+000  0.000000000000000E+000  1.000000000000000E+000
 -1.000000000000000E+000 -1.000000000000000E+000 -1.000000000000000E+000
  0.000000000000000E+000  1.000000000000000E+000  0.000000000000000E+000
        </rotation>
      </symmetry>
      <symmetry>
        <info name="inv.  90 deg rotation - cart. axis [0,0,1]">lattice_symmetry</info>
        <rotation rank="2" dims="           3           3">
 -1.000000000000000E+000 -1.000000000000000E+000 -1.000000000000000E+000
  0.000000000000000E+000  0.000000000000000E+000  1.000000000000000E+000
  1.000000000000000E+000  0.000000000000000E+000  0.000000000000000E+000
        </rotation>
      </symmetry>
      <symmetry>
        <info name="inv. 180 deg rotation - cart. axis [1,0,1]">lattice_symmetry</info>
        <rotation rank="2" dims="           3           3">
  1.000000000000000E+000  0.000000000000000E+000  0.000000000000000E+000
  0.000000000000000E+000  0.000000000000000E+000  1.000000000000000E+000
  0.000000000000000E+000  1.000000000000000E+000  0.000000000000000E+000
        </rotation>
      </symmetry>
      <symmetry>
        <info name="180 deg rotation - cart. axis [1,1,0]">lattice_symmetry</info>
        <rotation rank="2" dims="           3           3">
  0.000000000000000E+000 -1.000000000000000E+000  0.000000000000000E+000
 -1.000000000000000E+000  0.000000000000000E+000  0.000000000000000E+000
  0.000000000000000E+000  0.000000000000000E+000 -1.000000000000000E+000
        </rotation>
      </symmetry>
      <symmetry>
        <info name="inv.  90 deg rotation - cart. axis [0,1,0]">lattice_symmetry</info>
        <rotation rank="2" dims="           3           3">
  0.000000000000000E+000  1.000000000000000E+000  0.000000000000000E+000
 -1.000000000000000E+000 -1.000000000000000E+000 -1.000000000000000E+000
  1.000000000000000E+000  0.000000000000000E+000  0.000000000000000E+000
        </rotation>
      </symmetry>
      <symmetry>
        <info name="inv.  90 deg rotation - cart. axis [0,-1,0]">lattice_symmetry</info>
        <rotation rank="2" dims="           3           3">
  0.000000000000000E+000  0.000000000000000E+000  1.000000000000000E+000
  1.000000000000000E+000  0.000000000000000E+000  0.000000000000000E+000
 -1.000000000000000E+000 -1.000000000000000E+000 -1.000000000000000E+000
        </rotation>
      </symmetry>
      <symmetry>
        <info name="inv. 180 deg rotation - cart. axis [0,1,1]">lattice_symmetry</info>
        <rotation rank="2" dims="           3           3">
  1.000000000000000E+000  0.000000000000000E+000  0.000000000000000E+000
 -1.000000000000000E+000 -1.000000000000000E+000 -1.000000000000000E+000
  0.000000000000000E+000  0.000000000000000E+000  1.000000000000000E+000
        </rotation>
      </symmetry>
      <symmetry>
        <info name="180 deg rotation - cart. axis [1,-1,0]">lattice_symmetry</info>
        <rotation rank="2" dims="           3           3">
 -1.000000000000000E+000  0.000000000000000E+000  0.000000000000000E+000
  0.000000000000000E+000 -1.000000000000000E+000  0.000000000000000E+000
  1.000000000000000E+000  1.000000000000000E+000  1.000000000000000E+000
        </rotation>
      </symmetry>
      <symmetry>
        <info name="inv.  90 deg rotation - cart. axis [-1,0,0]">lattice_symmetry</info>
        <rotation rank="2" dims="           3           3">
  0.000000000000000E+000  1.000000000000000E+000  0.000000000000000E+000
  0.000000000000000E+000  0.000000000000000E+000  1.000000000000000E+000
 -1.000000000000000E+000 -1.000000000000000E+000 -1.000000000000000E+000
        </rotation>
      </symmetry>
      <symmetry>
        <info name="inv.  90 deg rotation - cart. axis [1,0,0]">lattice_symmetry</info>
        <rotation rank="2" dims="           3           3">
 -1.000000000000000E+000 -1.000000000000000E+000 -1.000000000000000E+000
  1.000000000000000E+000  0.000000000000000E+000  0.000000000000000E+000
  0.000000000000000E+000  1.000000000000000E+000  0.000000000000000E+000
        </rotation>
      </symmetry>
      <symmetry>
        <info name="inv. 120 deg rotation - cart. axis [-1,-1,-1]">lattice_symmetry</info>
        <rotation rank="2" dims="           3           3">
  1.000000000000000E+000  1.000000000000000E+000  1.000000000000000E+000
  0.000000000000000E+000 -1.000000000000000E+000  0.000000000000000E+000
 -1.000000000000000E+000  0.000000000000000E+000  0.000000000000000E+000
        </rotation>
      </symmetry>
      <symmetry>
        <info name="inv. 120 deg rotation - cart. axis [-1,1,1]">lattice_symmetry</info>
        <rotation rank="2" dims="           3           3">
  0.000000000000000E+000  0.000000000000000E+000 -1.000000000000000E+000
 -1.000000000000000E+000  0.000000000000000E+000  0.000000000000000E+000
  0.000000000000000E+000 -1.000000000000000E+000  0.000000000000000E+000
        </rotation>
      </symmetry>
      <symmetry>
        <info name="inv. 120 deg rotation - cart. axis [1,1,-1]">lattice_symmetry</info>
        <rotation rank="2" dims="           3           3">
 -1.000000000000000E+000  0.000000000000000E+000  0.000000000000000E+000
  0.000000000000000E+000  0.000000000000000E+000 -1.000000000000000E+000
  1.000000000000000E+000  1.000000000000000E+000  1.000000000000000E+000
        </rotation>
      </symmetry>
      <symmetry>
        <info name="inv. 120 deg rotation - cart. axis [1,-1,1]">lattice_symmetry</info>
        <rotation rank="2" dims="           3           3">
  0.000000000000000E+000 -1.000000000000000E+000  0.000000000000000E+000
  1.000000000000000E+000  1.000000000000000E+000  1.000000000000000E+000
  0.000000000000000E+000  0.000000000000000E+000 -1.000000000000000E+000
        </rotation>
      </symmetry>
      <symmetry>
        <info name="inv. 120 deg rotation - cart. axis [1,1,1]">lattice_symmetry</info>
        <rotation rank="2" dims="           3           3">
  0.000000000000000E+000  0.000000000000000E+000 -1.000000000000000E+000
  0.000000000000000E+000 -1.000000000000000E+000  0.000000000000000E+000
  1.000000000000000E+000  1.000000000000000E+000  1.000000000000000E+000
        </rotation>
      </symmetry>
      <symmetry>
        <info name="inv. 120 deg rotation - cart. axis [-1,1,-1]">lattice_symmetry</info>
        <rotation rank="2" dims="           3           3">
  1.000000000000000E+000  1.000000000000000E+000  1.000000000000000E+000
 -1.000000000000000E+000  0.000000000000000E+000  0.000000000000000E+000
  0.000000000000000E+000  0.000000000000000E+000 -1.000000000000000E+000
        </rotation>
      </symmetry>
      <symmetry>
        <info name="inv. 120 deg rotation - cart. axis [1,-1,-1]">lattice_symmetry</info>
        <rotation rank="2" dims="           3           3">
  0.000000000000000E+000 -1.000000000000000E+000  0.000000000000000E+000
  0.000000000000000E+000  0.000000000000000E+000 -1.000000000000000E+000
 -1.000000000000000E+000  0.000000000000000E+000  0.000000000000000E+000
        </rotation>
      </symmetry>
      <symmetry>
        <info name="inv. 120 deg rotation - cart. axis [-1,-1,1]">lattice_symmetry</info>
        <rotation rank="2" dims="           3           3">
 -1.000000000000000E+000  0.000000000000000E+000  0.000000000000000E+000
  1.000000000000000E+000  1.000000000000000E+000  1.000000000000000E+000
  0.000000000000000E+000 -1.000000000000000E+000  0.000000000000000E+000
        </rotation>
      </symmetry>
    </symmetries>
    <basis_set>
      <gamma_only>false</gamma_only>
      <ecutwfc>3.900000000000000E+001</ecutwfc>
      <ecutrho>1.560000000000000E+002</ecutrho>
      <fft_grid nr1="27" nr2="27" nr3="27"></fft_grid>
      <fft_smooth nr1="27" nr2="27" nr3="27"></fft_smooth>
      <fft_box nr1="27" nr2="27" nr3="27"></fft_box>
      <ngm>7119</ngm>
      <ngms>7119</ngms>
      <npwx>911</npwx>
      <reciprocal_lattice>
        <b1>
 -9.638009071557859E-001 -9.638009071557859E-001  9.638009071557859E-001
        </b1>
        <b2>9.638009071557859E-001  9.638009071557859E-001  9.638009071557859E-001</b2>
        <b3>-9.638009071557859E-001  9.638009071557859E-001 -9.638009071557859E-001</b3>
      </reciprocal_lattice>
    </basis_set>
    <dft>
      <functional>PBE</functional>
    </dft>
    <magnetization>
      <lsda>false</lsda>
      <noncolin>false</noncolin>
      <spinorbit>false</spinorbit>
      <absolute>0.000000000000000E+000</absolute>
    </magnetization>
    <total_energy>
      <etot>-1.203779051445136E+001</etot>
      <eband>1.279856715463240E+000</eband>
      <ehart>9.670077819123252E-001</ehart>
      <vtxc>-4.767811677499424E+000</vtxc>
      <etxc>-4.338647776100860E+000</etxc>
      <ewald>-1.277981745353689E+001</ewald>
    </total_energy>
    <band_structure>
      <lsda>false</lsda>
      <noncolin>false</noncolin>
      <spinorbit>false</spinorbit>
      <nbnd>6</nbnd>
      <nelec>8.000000000000000E+000</nelec>
      <fermi_energy>4.898047101107221E-001</fermi_energy>
      <highestOccupiedLevel>4.898047101107221E-001</highestOccupiedLevel>
      <lowestUnoccupiedLevel>6.435725398241544E-001</lowestUnoccupiedLevel>
      <starting_k_points>
        <monkhorst_pack nk1="8" nk2="8" nk3="8" k1="0" k2="0" k3="0">Monkhorst-Pack</monkhorst_pack>
      </starting_k_points>
      <nks>65</nks>
      <occupations_kind>fixed</occupations_kind>
      <ks_energies>
        <k_point weight="3.9062500000000000E-003">0.000000000000000E+000  0.000000000000000E+000  0.000000000000000E+000</k_point>
        <npw>893</npw>
        <eigenvalues size="6">
 -2.990726425222712E-001  4.897630387096256E-001  4.897630387230560E-001
  4.898047101107221E-001  6.962964915764729E-001
  6.963007471650460E-001
        </eigenvalues>
        <occupations size="6">
  1.000000000000000E+000  1.000000000000000E+000  1.000000000000000E+000
  1.000000000000000E+000  0.000000000000000E+000
  0.000000000000000E+000
        </occupations>
      </ks_energies>
      <ks_energies>
        <k_point weight="2.3437500000000000E-002">
 -1.204751133944732E-001  1.204751133944732E-001 -1.204751133944732E-001
        </k_point>
        <npw>911</npw>
        <eigenvalues size="6">
 -2.832213992002551E-001  4.010974776392157E-001  4.657638541895346E-001
  4.657968616308614E-001  7.277590902814119E-001
  7.277926528192157E-001
        </eigenvalues>
        <occupations size="6">
  1.000000000000000E+000  1.000000000000000E+000  1.000000000000000E+000
  1.000000000000000E+000  0.000000000000000E+000
  0.000000000000000E+000
        </occupations>
      </ks_energies>
      <ks_energies>
        <k_point weight="2.3437500000000000E-002">
 -2.409502267889465E-001  2.409502267889465E-001 -2.409502267889465E-001
        </k_point>
        <npw>896</npw>
        <eigenvalues size="6">
 -2.361492486523160E-001  2.476247105865272E-001  4.254841646695409E-001
  4.255141622253167E-001  7.771586082529722E-001
  7.772014592700041E-001
        </eigenvalues>
        <occupations size="6">
  1.000000000000000E+000  1.000000000000000E+000  1.000000000000000E+000
  1.000000000000000E+000  0.000000000000000E+000
  0.000000000000000E+000
        </occupations>
      </ks_energies>
      <ks_energies>
        <k_point weight="2.3437500000000000E-002">
 -3.614253401834197E-001  3.614253401834197E-001 -3.614253401834197E-001
        </k_point>
        <npw>887</npw>
        <eigenvalues size="6">
 -1.603422989387653E-001  9.764677338630917E-002  3.966336836199179E-001
  3.966630839496180E-001  7.995044054935976E-001
  7.995517960908411E-001
        </eigenvalues>
        <occupations size="6">
  1.000000000000000E+000  1.000000000000000E+000  1.000000000000000E+000
  1.000000000000000E+000  0.000000000000000E+000
  0.000000000000000E+000
        </occupations>
      </ks_energies>
      <ks_energies>
        <k_point weight="1.1718750000000000E-002">
  4.819004535778929E-001 -4.819004535778929E-001  4.819004535778929E-001
        </k_point>
        <npw>886</npw>
        <eigenvalues size="6">
 -8.717400227911271E-002 -1.493167915061974E-003  3.865830415093245E-001
  3.866124415639930E-001  8.024598495803115E-001
  8.024972735262582E-001
        </eigenvalues>
        <occupations size="6">
  1.000000000000000E+000  1.000000000000000E+000  1.000000000000000E+000
  1.000000000000000E+000  0.000000000000000E+000
  0.000000000000000E+000
        </occupations>
      </ks_energies>
      <ks_energies>
        <k_point weight="2.3437500000000000E-002">
  0.000000000000000E+000  2.409502267889465E-001  0.000000000000000E+000
        </k_point>
        <npw>897</npw>
        <eigenvalues size="6">
 -2.779444855807935E-001  4.263896515137886E-001  4.264069448651394E-001
  4.410202637783325E-001  6.813521868931530E-001
  7.775674534853685E-001
        </eigenvalues>
        <occupations size="6">
  1.000000000000000E+000  1.000000000000000E+000  1.000000000000000E+000
  1.000000000000000E+000  0.000000000000000E+000
  0.000000000000000E+000
        </occupations>
      </ks_energies>
      <ks_energies>
        <k_point weight="2.3437500000000000E-002">
 -1.204751133944732E-001  3.614253401834197E-001 -1.204751133944732E-001
        </k_point>
        <npw>892</npw>
        <eigenvalues size="6">
 -2.412874911985597E-001  3.028174472676382E-001  3.840523207502582E-001
  4.150772064240162E-001  7.055824051544117E-001
  8.342018610031551E-001
        </eigenvalues>
        <occupations size="6">
  1.000000000000000E+000  1.000000000000000E+000  1.000000000000000E+000
  1.000000000000000E+000  0.000000000000000E+000
  0.000000000000000E+000
        </occupations>
      </ks_energies>
      <ks_energies>
        <k_point weight="2.3437500000000000E-002">
 -2.409502267889465E-001  4.819004535778929E-001 -2.409502267889465E-001
        </k_point>
        <npw>892</npw>
        <eigenvalues size="6">
 -1.748066060315037E-001  1.548781345660999E-001  3.601467282565616E-001
  3.721596647704358E-001  7.487722567120860E-001
  8.618215782547018E-001
        </eigenvalues>
        <occupations size="6">
  1.000000000000000E+000  1.000000000000000E+000  1.000000000000000E+000
  1.000000000000000E+000  0.000000000000000E+000
  0.000000000000000E+000
        </occupations>
      </ks_energies>
      <ks_energies>
        <k_point weight="2.3437500000000000E-002">
  6.023755669723663E-001 -3.614253401834196E-001  6.023755669723663E-001
        </k_point>
        <npw>890</npw>
        <eigenvalues size="6">
 -8.922711328359539E-002  2.857852893535549E-002  3.371332871767306E-001
  3.600275912999879E-001  7.714727253188980E-001
  8.520792772603192E-001
        </eigenvalues>
        <occupations size="6">
  1.000000000000000E+000  1.000000000000000E+000  1.000000000000000E+000
  1.000000000000000E+000  0.000000000000000E+000
  0.000000000000000E+000
        </occupations>
      </ks_energies>
      <ks_energies>
        <k_point weight="2.3437500000000000E-002">
  4.819004535778929E-001 -2.409502267889465E-001  4.819004535778929E-001
        </k_point>
        <npw>889</npw>
        <eigenvalues size="6">
 -1.174760878388961E-001  6.544442860764804E-002  3.213199475250998E-001
  3.826403405981175E-001  7.929634924385420E-001
  8.281426195901509E-001
        </eigenvalues>
        <occupations size="6">
  1.000000000000000E+000  1.000000000000000E+000  1.000000000000000E+000
  1.000000000000000E+000  0.000000000000000E+000
  0.000000000000000E+000
        </occupations>
      </ks_energies>
      <ks_energies>
        <k_point weight="2.3437500000000000E-002">
  3.614253401834197E-001 -1.204751133944732E-001  3.614253401834197E-001
        </k_point>
        <npw>896</npw>
        <eigenvalues size="6">
 -2.001175642197748E-001  2.044926955245890E-001  3.293501121311943E-001
  4.219855620399168E-001  7.894086943860156E-001
  8.086639459727604E-001
        </eigenvalues>
        <occupations size="6">
  1.000000000000000E+000  1.000000000000000E+000  1.000000000000000E+000
  1.000000000000000E+000  0.000000000000000E+000
  0.000000000000000E+000
        </occupations>
      </ks_energies>
      <ks_energies>
        <k_point weight="2.3437500000000000E-002">
  2.409502267889465E-001  0.000000000000000E+000  2.409502267889465E-001
        </k_point>
        <npw>903</npw>
        <eigenvalues size="6">
 -2.569604863740432E-001  3.433697311811127E-001  3.703695143725964E-001
  4.618113567447408E-001  7.388541469846965E-001
  7.870249412059858E-001
        </eigenvalues>
        <occupations size="6">
  1.000000000000000E+000  1.000000000000000E+000  1.000000000000000E+000
  1.000000000000000E+000  0.000000000000000E+000
  0.000000000000000E+000
        </occupations>
      </ks_energies>
      <ks_energies>
        <k_point weight="2.3437500000000000E-002">
  0.000000000000000E+000  4.819004535778929E-001  0.000000000000000E+000
        </k_point>
        <npw>881</npw>
        <eigenvalues size="6">
 -2.152596013041937E-001  3.237153026342821E-001  3.382029803445895E-001
  3.382144987229718E-001  6.545906124388237E-001
  8.683675446644535E-001
        </eigenvalues>
        <occupations size="6">
  1.000000000000000E+000  1.000000000000000E+000  1.000000000000000E+000
  1.000000000000000E+000  0.000000000000000E+000
  0.000000000000000E+000
        </occupations>
      </ks_energies>
      <ks_energies>
        <k_point weight="2.3437500000000000E-002">
 -1.204751133944732E-001  6.023755669723663E-001 -1.204751133944732E-001
        </k_point>
        <npw>885</npw>
        <eigenvalues size="6">
 -1.591125747030190E-001  2.134317620018485E-001  2.978396680903733E-001
  3.113025413380648E-001  6.815626741465942E-001
  8.350935422298026E-001
        </eigenvalues>
        <occupations size="6">
  1.000000000000000E+000  1.000000000000000E+000  1.000000000000000E+000
  1.000000000000000E+000  0.000000000000000E+000
  0.000000000000000E+000
        </occupations>
      </ks_energies>
      <ks_energies>
        <k_point weight="2.3437500000000000E-002">
  7.228506803668393E-001 -2.409502267889465E-001  7.228506803668393E-001
        </k_point>
        <npw>892</npw>
        <eigenvalues size="6">
 -7.810810535537321E-002  9.339763435749203E-002  2.420965885163604E-001
  3.103436156408664E-001  7.151666761751031E-001
  9.113553378897258E-001
        </eigenvalues>
        <occupations size="6">
  1.000000000000000E+000  1.000000000000000E+000  1.000000000000000E+000
  1.000000000000000E+000  0.000000000000000E+000
  0.000000000000000E+000
        </occupations>
      </ks_energies>
      <ks_energies>
        <k_point weight="2.3437500000000000E-002">
  6.023755669723663E-001 -1.204751133944732E-001  6.023755669723663E-001
        </k_point>
        <npw>890</npw>
        <eigenvalues size="6">
 -5.252413264677584E-002  6.402556842211382E-002  2.052737943749428E-001
  3.350869170744217E-001  7.434300294309384E-001
  9.233421450194412E-001
        </eigenvalues>
        <occupations size="6">
  1.000000000000000E+000  1.000000000000000E+000  1.000000000000000E+000
  1.000000000000000E+000  0.000000000000000E+000
  0.000000000000000E+000
        </occupations>
      </ks_energies>
      <ks_energies>
        <k_point weight="2.3437500000000000E-002">
  4.819004535778929E-001  0.000000000000000E+000  4.819004535778929E-001
        </k_point>
        <npw>889</npw>
        <eigenvalues size="6">
 -1.351504197524694E-001  1.699888483632634E-001  2.103292355116085E-001
  3.788851923182290E-001  7.829165104885156E-001
  8.584650453466045E-001
        </eigenvalues>
        <occupations size="6">
  1.000000000000000E+000  1.000000000000000E+000  1.000000000000000E+000
  1.000000000000000E+000  0.000000000000000E+000
  0.000000000000000E+000
        </occupations>
      </ks_energies>
      <ks_energies>
        <k_point weight="2.3437500000000000E-002">
  0.000000000000000E+000  7.228506803668393E-001  0.000000000000000E+000
        </k_point>
        <npw>886</npw>
        <eigenvalues size="6">
 -1.136171158542164E-001  1.742056818302889E-001  2.786399842493944E-001
  2.786493890454519E-001  6.435725398241544E-001
  7.395617354089794E-001
        </eigenvalues>
        <occupations size="6">
  1.000000000000000E+000  1.000000000000000E+000  1.000000000000000E+000
  1.000000000000000E+000  0.000000000000000E+000
  0.000000000000000E+000
        </occupations>
      </ks_energies>
      <ks_energies>
        <k_point weight="2.3437500000000000E-002">
  8.433257937613126E-001 -1.204751133944733E-001  8.433257937613126E-001
        </k_point>
        <npw>899</npw>
        <eigenvalues size="6">
 -4.160210950809765E-002  9.755452802962100E-002  2.199216741049347E-001
  2.719016823156092E-001  6.747075854314125E-001
  7.493734916814613E-001
        </eigenvalues>
        <occupations size="6">
  1.000000000000000E+000  1.000000000000000E+000  1.000000000000000E+000
  1.000000000000000E+000  0.000000000000000E+000
  0.000000000000000E+000
        </occupations>
      </ks_energies>
      <ks_energies>
        <k_point weight="2.3437500000000000E-002">
  7.228506803668393E-001  0.000000000000000E+000  7.228506803668393E-001
        </k_point>
        <npw>890</npw>
        <eigenvalues size="6">
  1.279918796149081E-002  5.858622588492679E-002  1.476221090795751E-001
  2.924195986684152E-001  7.005808639740091E-001
  8.861055205861884E-001
        </eigenvalues>
        <occupations size="6">
  1.000000000000000E+000  1.000000000000000E+000  1.000000000000000E+000
  1.000000000000000E+000  0.000000000000000E+000
  0.000000000000000E+000
        </occupations>
      </ks_energies>
      <ks_energies>
        <k_point weight="1.1718750000000000E-002">
  0.000000000000000E+000 -9.638009071557858E-001  0.000000000000000E+000
        </k_point>
        <npw>894</npw>
        <eigenvalues size="6">
  2.069601395824949E-002  2.070341886871553E-002  2.580407057843433E-001
  2.580495497488654E-001  6.669497693872366E-001
  6.669583322874064E-001
        </eigenvalues>
        <occupations size="6">
  1.000000000000000E+000  1.000000000000000E+000  1.000000000000000E+000
  1.000000000000000E+000  0.000000000000000E+000
  0.000000000000000E+000
        </occupations>
      </ks_energies>
      <ks_energies>
        <k_point weight="4.6875000000000000E-002">
 -2.409502267889465E-001  4.819004535778929E-001  0.000000000000000E+000
        </k_point>
        <npw>893</npw>
        <eigenvalues size="6">
 -1.948513939371092E-001  2.504572804536821E-001  2.876479543281993E-001
  3.835642383459972E-001  7.326512050457206E-001
  8.599427140998597E-001
        </eigenvalues>
        <occupations size="6">
  1.000000000000000E+000  1.000000000000000E+000  1.000000000000000E+000
  1.000000000000000E+000  0.000000000000000E+000
  0.000000000000000E+000
        </occupations>
      </ks_energies>
      <ks_energies>
        <k_point weight="4.6875000000000000E-002">
  6.023755669723663E-001 -3.614253401834197E-001  8.433257937613126E-001
        </k_point>
        <npw>892</npw>
        <eigenvalues size="6">
 -1.205222250506406E-001  1.279580125174128E-001  2.590043239243002E-001
  3.396899754726583E-001  7.841347183399210E-001
  8.453941250793868E-001
        </eigenvalues>
        <occupations size="6">
  1.000000000000000E+000  1.000000000000000E+000  1.000000000000000E+000
  1.000000000000000E+000  0.000000000000000E+000
  0.000000000000000E+000
        </occupations>
      </ks_energies>
      <ks_energies>
        <k_point weight="4.6875000000000000E-002">
  4.819004535778929E-001 -2.409502267889465E-001  7.228506803668393E-001
        </k_point>
        <npw>882</npw>
        <eigenvalues size="6">
 -5.008130076505264E-002  3.556531371789301E-002  2.577046263788785E-001
  3.173980036193133E-001  7.966980704725619E-001
  8.383384558540687E-001
        </eigenvalues>
        <occupations size="6">
  1.000000000000000E+000  1.000000000000000E+000  1.000000000000000E+000
  1.000000000000000E+000  0.000000000000000E+000
  0.000000000000000E+000
        </occupations>
      </ks_energies>
      <ks_energies>
        <k_point weight="4.6875000000000000E-002">
  7.228506803668393E-001 -2.409502267889464E-001  9.638009071557858E-001
        </k_point>
        <npw>896</npw>
        <eigenvalues size="6">
 -9.494143631723675E-002  1.584485320472896E-001  2.327663355947153E-001
  2.714458576835382E-001  7.238316537901868E-001
  8.079441683451416E-001
        </eigenvalues>
        <occupations size="6">
  1.000000000000000E+000  1.000000000000000E+000  1.000000000000000E+000
  1.000000000000000E+000  0.000000000000000E+000
  0.000000000000000E+000
        </occupations>
      </ks_energies>
      <ks_energies>
        <k_point weight="4.6875000000000000E-002">
  6.023755669723663E-001 -1.204751133944733E-001  8.433257937613126E-001
        </k_point>
        <npw>893</npw>
        <eigenvalues size="6">
 -1.447843430516430E-002  7.931416069259586E-002  1.807571899198433E-001
  2.564495843546774E-001  7.684177396577168E-001
  8.920555196182318E-001
        </eigenvalues>
        <occupations size="6">
  1.000000000000000E+000  1.000000000000000E+000  1.000000000000000E+000
  1.000000000000000E+000  0.000000000000000E+000
  0.000000000000000E+000
        </occupations>
      </ks_energies>
      <ks_energies>
        <k_point weight="4.6875000000000000E-002">
  4.819004535778929E-001  0.000000000000000E+000  7.228506803668393E-001
        </k_point>
        <npw>895</npw>
        <eigenvalues size="6">
 -4.351977507812259E-002  1.072778418066519E-001  1.640457379183448E-001
  2.885587385699457E-001  7.992270660110650E-001
  8.867216005630816E-001
        </eigenvalues>
        <occupations size="6">
  1.000000000000000E+000  1.000000000000000E+000  1.000000000000000E+000
  1.000000000000000E+000  0.000000000000000E+000
  0.000000000000000E+000
        </occupations>
      </ks_energies>
      <ks_energies>
        <k_point weight="4.6875000000000000E-002">
 -2.409502267889466E-001 -9.638009071557858E-001 -1.110223024625157E-016
        </k_point>
        <npw>896</npw>
        <eigenvalues size="6">
  3.306551932531952E-002  3.307419322085357E-002  2.209509524507666E-001
  2.209604919754274E-001  7.443397184095122E-001
  7.443503130576232E-001
        </eigenvalues>
        <occupations size="6">
  1.000000000000000E+000  1.000000000000000E+000  1.000000000000000E+000
  1.000000000000000E+000  0.000000000000000E+000
  0.000000000000000E+000
        </occupations>
      </ks_energies>
      <ks_energies>
        <k_point weight="2.3437500000000000E-002">
 -4.819004535778929E-001 -9.638009071557857E-001 -2.775557561562891E-017
        </k_point>
        <npw>892</npw>
        <eigenvalues size="6">
  4.963983496496621E-002  4.965109885256892E-002  1.840855825229990E-001
  1.840971592574797E-001  8.820263089249318E-001
  8.820519396483586E-001
        </eigenvalues>
        <occupations size="6">
  1.000000000000000E+000  1.000000000000000E+000  1.000000000000000E+000
  1.000000000000000E+000  0.000000000000000E+000
  0.000000000000000E+000
        </occupations>
      </ks_energies>
      <ks_energies>
        <k_point weight="7.8125000000000000E-003">
 -1.204751133944732E-001 -1.204751133944732E-001 -1.204751133944732E-001
        </k_point>
        <npw>911</npw>
        <eigenvalues size="6">
 -2.832213759292719E-001  4.011191986571855E-001  4.657669717693815E-001
  4.657669717718408E-001  7.277851697529834E-001
  7.277888466767215E-001
        </eigenvalues>
        <occupations size="6">
  1.000000000000000E+000  1.000000000000000E+000  1.000000000000000E+000
  1.000000000000000E+000  0.000000000000000E+000
  0.000000000000000E+000
        </occupations>
      </ks_energies>
      <ks_energies>
        <k_point weight="7.8125000000000000E-003">
 -2.409502267889465E-001 -2.409502267889465E-001 -2.409502267889465E-001
        </k_point>
        <npw>896</npw>
        <eigenvalues size="6">
 -2.361492381546993E-001  2.476374248349187E-001  4.254912545817666E-001
  4.254912545828217E-001  7.771780456757137E-001
  7.771782878826159E-001
        </eigenvalues>
        <occupations size="6">
  1.000000000000000E+000  1.000000000000000E+000  1.000000000000000E+000
  1.000000000000000E+000  0.000000000000000E+000
  0.000000000000000E+000
        </occupations>
      </ks_energies>
      <ks_energies>
        <k_point weight="7.8125000000000000E-003">
 -3.614253401834197E-001 -3.614253401834197E-001 -3.614253401834197E-001
        </k_point>
        <npw>887</npw>
        <eigenvalues size="6">
 -1.603429709031631E-001  9.765669236484301E-002  3.966431757416540E-001
  3.966431757436084E-001  7.995216120929656E-001
  7.995438823206380E-001
        </eigenvalues>
        <occupations size="6">
  1.000000000000000E+000  1.000000000000000E+000  1.000000000000000E+000
  1.000000000000000E+000  0.000000000000000E+000
  0.000000000000000E+000
        </occupations>
      </ks_energies>
      <ks_energies>
        <k_point weight="3.9062500000000000E-003">
  4.819004535778929E-001  4.819004535778929E-001  4.819004535778929E-001
        </k_point>
        <npw>886</npw>
        <eigenvalues size="6">
 -8.718029933469840E-002 -1.478584278645358E-003  3.865933313777032E-001
  3.865933313783082E-001  8.024588901963573E-001
  8.024590765479899E-001
        </eigenvalues>
        <occupations size="6">
  1.000000000000000E+000  1.000000000000000E+000  1.000000000000000E+000
  1.000000000000000E+000  0.000000000000000E+000
  0.000000000000000E+000
        </occupations>
      </ks_energies>
      <ks_energies>
        <k_point weight="4.6875000000000000E-002">
  3.614253401834197E-001  1.204751133944732E-001 -1.204751133944732E-001
        </k_point>
        <npw>892</npw>
        <eigenvalues size="6">
 -2.412874807320414E-001  3.028206011486863E-001  3.840683379355128E-001
  4.150545554455907E-001  7.055900295823901E-001
  8.367065723253837E-001
        </eigenvalues>
        <occupations size="6">
  1.000000000000000E+000  1.000000000000000E+000  1.000000000000000E+000
  1.000000000000000E+000  0.000000000000000E+000
  0.000000000000000E+000
        </occupations>
      </ks_energies>
      <ks_energies>
        <k_point weight="2.3437500000000000E-002">
 -3.614253401834197E-001 -1.204751133944732E-001 -1.204751133944732E-001
        </k_point>
        <npw>892</npw>
        <eigenvalues size="6">
 -2.412874670257474E-001  3.028355112825946E-001  3.840557995832915E-001
  4.150497896848454E-001  7.055901328293802E-001
  8.338322740499390E-001
        </eigenvalues>
        <occupations size="6">
  1.000000000000000E+000  1.000000000000000E+000  1.000000000000000E+000
  1.000000000000000E+000  0.000000000000000E+000
  0.000000000000000E+000
        </occupations>
      </ks_energies>
      <ks_energies>
        <k_point weight="4.6875000000000000E-002">
  4.819004535778929E-001  2.409502267889465E-001 -2.409502267889465E-001
        </k_point>
        <npw>892</npw>
        <eigenvalues size="6">
 -1.748066348997705E-001  1.548797262022206E-001  3.601632497681777E-001
  3.721393903051431E-001  7.487865585049454E-001
  8.616715502230836E-001
        </eigenvalues>
        <occupations size="6">
  1.000000000000000E+000  1.000000000000000E+000  1.000000000000000E+000
  1.000000000000000E+000  0.000000000000000E+000
  0.000000000000000E+000
        </occupations>
      </ks_energies>
      <ks_energies>
        <k_point weight="2.3437500000000000E-002">
 -4.819004535778929E-001 -2.409502267889464E-001 -2.409502267889465E-001
        </k_point>
        <npw>892</npw>
        <eigenvalues size="6">
 -1.748069164833316E-001  1.548901216299516E-001  3.601525418092257E-001
  3.721387367430939E-001  7.487790481284133E-001
  8.616710624680244E-001
        </eigenvalues>
        <occupations size="6">
  1.000000000000000E+000  1.000000000000000E+000  1.000000000000000E+000
  1.000000000000000E+000  0.000000000000000E+000
  0.000000000000000E+000
        </occupations>
      </ks_energies>
      <ks_energies>
        <k_point weight="4.6875000000000000E-002">
 -3.614253401834196E-001 -6.023755669723663E-001  6.023755669723663E-001
        </k_point>
        <npw>890</npw>
        <eigenvalues size="6">
 -8.922723125609418E-002  2.857910226865350E-002  3.371153559265522E-001
  3.600455084792335E-001  7.714893366880720E-001
  8.520440209573488E-001
        </eigenvalues>
        <occupations size="6">
  1.000000000000000E+000  1.000000000000000E+000  1.000000000000000E+000
  1.000000000000000E+000  0.000000000000000E+000
  0.000000000000000E+000
        </occupations>
      </ks_energies>
      <ks_energies>
        <k_point weight="2.3437500000000000E-002">
  3.614253401834195E-001  6.023755669723663E-001  6.023755669723663E-001
        </k_point>
        <npw>890</npw>
        <eigenvalues size="6">
 -8.923113988845255E-002  2.859161137763731E-002  3.371163717956632E-001
  3.600346460943804E-001  7.714779757424703E-001
  8.520505046535565E-001
        </eigenvalues>
        <occupations size="6">
  1.000000000000000E+000  1.000000000000000E+000  1.000000000000000E+000
  1.000000000000000E+000  0.000000000000000E+000
  0.000000000000000E+000
        </occupations>
      </ks_energies>
      <ks_energies>
        <k_point weight="4.6875000000000000E-002">
 -2.409502267889465E-001 -4.819004535778929E-001  4.819004535778929E-001
        </k_point>
        <npw>889</npw>
        <eigenvalues size="6">
 -1.174759415940768E-001  6.544380591474247E-002  3.213040898778393E-001
  3.826601193584300E-001  7.929770406438889E-001
  8.281080307411761E-001
        </eigenvalues>
        <occupations size="6">
  1.000000000000000E+000  1.000000000000000E+000  1.000000000000000E+000
  1.000000000000000E+000  0.000000000000000E+000
  0.000000000000000E+000
        </occupations>
      </ks_energies>
      <ks_energies>
        <k_point weight="2.3437500000000000E-002">
  2.409502267889465E-001  4.819004535778929E-001  4.819004535778931E-001
        </k_point>
        <npw>889</npw>
        <eigenvalues size="6">
 -1.174776903892936E-001  6.545480821552629E-002  3.213050085812453E-001
  3.826473093171048E-001  7.929659106495013E-001
  8.281173691902259E-001
        </eigenvalues>
        <occupations size="6">
  1.000000000000000E+000  1.000000000000000E+000  1.000000000000000E+000
  1.000000000000000E+000  0.000000000000000E+000
  0.000000000000000E+000
        </occupations>
      </ks_energies>
      <ks_energies>
        <k_point weight="4.6875000000000000E-002">
 -1.204751133944732E-001 -3.614253401834197E-001  3.614253401834197E-001
        </k_point>
        <npw>896</npw>
        <eigenvalues size="6">
 -2.001175489549513E-001  2.044904307175367E-001  3.293365876174583E-001
  4.220075506025739E-001  7.893776885065855E-001
  8.086675142470514E-001
        </eigenvalues>
        <occupations size="6">
  1.000000000000000E+000  1.000000000000000E+000  1.000000000000000E+000
  1.000000000000000E+000  0.000000000000000E+000
  0.000000000000000E+000
        </occupations>
      </ks_energies>
      <ks_energies>
        <k_point weight="2.3437500000000000E-002">
  1.204751133944732E-001  3.614253401834197E-001  3.614253401834197E-001
        </k_point>
        <npw>896</npw>
        <eigenvalues size="6">
 -2.001176442408971E-001  2.045032181318351E-001  3.293357149088694E-001
  4.219904075185600E-001  7.893938495361221E-001
  8.086609396676506E-001
        </eigenvalues>
        <occupations size="6">
  1.000000000000000E+000  1.000000000000000E+000  1.000000000000000E+000
  1.000000000000000E+000  0.000000000000000E+000
  0.000000000000000E+000
        </occupations>
      </ks_energies>
      <ks_energies>
        <k_point weight="2.3437500000000000E-002">
  0.000000000000000E+000 -2.409502267889465E-001  2.409502267889465E-001
        </k_point>
        <npw>903</npw>
        <eigenvalues size="6">
 -2.569605163926666E-001  3.433517315601327E-001  3.703713112185752E-001
  4.618353240485549E-001  7.388296952919549E-001
  7.870096746128463E-001
        </eigenvalues>
        <occupations size="6">
  1.000000000000000E+000  1.000000000000000E+000  1.000000000000000E+000
  1.000000000000000E+000  0.000000000000000E+000
  0.000000000000000E+000
        </occupations>
      </ks_energies>
      <ks_energies>
        <k_point weight="4.6875000000000000E-002">
  6.023755669723663E-001  1.204751133944732E-001 -1.204751133944732E-001
        </k_point>
        <npw>885</npw>
        <eigenvalues size="6">
 -1.591126266150050E-001  2.134389064828654E-001  2.978194988764749E-001
  3.113142277125689E-001  6.815695445465140E-001
  8.350880812172524E-001
        </eigenvalues>
        <occupations size="6">
  1.000000000000000E+000  1.000000000000000E+000  1.000000000000000E+000
  1.000000000000000E+000  0.000000000000000E+000
  0.000000000000000E+000
        </occupations>
      </ks_energies>
      <ks_energies>
        <k_point weight="2.3437500000000000E-002">
 -6.023755669723660E-001 -1.204751133944732E-001 -1.204751133944732E-001
        </k_point>
        <npw>885</npw>
        <eigenvalues size="6">
 -1.591127633436190E-001  2.134502025354593E-001  2.978166323261717E-001
  3.113045781852265E-001  6.815675759661065E-001
  8.350896873198065E-001
        </eigenvalues>
        <occupations size="6">
  1.000000000000000E+000  1.000000000000000E+000  1.000000000000000E+000
  1.000000000000000E+000  0.000000000000000E+000
  0.000000000000000E+000
        </occupations>
      </ks_energies>
      <ks_energies>
        <k_point weight="4.6875000000000000E-002">
 -2.409502267889465E-001 -7.228506803668393E-001  7.228506803668393E-001
        </k_point>
        <npw>892</npw>
        <eigenvalues size="6">
 -7.810835334921931E-002  9.340116562770051E-002  2.420810894476667E-001
  3.103561635941172E-001  7.151784795725580E-001
  9.113466315448711E-001
        </eigenvalues>
        <occupations size="6">
  1.000000000000000E+000  1.000000000000000E+000  1.000000000000000E+000
  1.000000000000000E+000  0.000000000000000E+000
  0.000000000000000E+000
        </occupations>
      </ks_energies>
      <ks_energies>
        <k_point weight="2.3437500000000000E-002">
  2.409502267889463E-001  7.228506803668393E-001  7.228506803668393E-001
        </k_point>
        <npw>892</npw>
        <eigenvalues size="6">
 -7.811027254000996E-002  9.341252540016465E-002  2.420798062039104E-001
  3.103464847963533E-001  7.151703007227492E-001
  9.113518915344665E-001
        </eigenvalues>
        <occupations size="6">
  1.000000000000000E+000  1.000000000000000E+000  1.000000000000000E+000
  1.000000000000000E+000  0.000000000000000E+000
  0.000000000000000E+000
        </occupations>
      </ks_energies>
      <ks_energies>
        <k_point weight="4.6875000000000000E-002">
 -1.204751133944732E-001 -6.023755669723663E-001  6.023755669723663E-001
        </k_point>
        <npw>890</npw>
        <eigenvalues size="6">
 -5.252319517222173E-002  6.402453685392946E-002  2.052626152190189E-001
  3.351008536548798E-001  7.434412449425239E-001
  9.233140815590576E-001
        </eigenvalues>
        <occupations size="6">
  1.000000000000000E+000  1.000000000000000E+000  1.000000000000000E+000
  1.000000000000000E+000  0.000000000000000E+000
  0.000000000000000E+000
        </occupations>
      </ks_energies>
      <ks_energies>
        <k_point weight="2.3437500000000000E-002">
  1.204751133944733E-001  6.023755669723663E-001  6.023755669723663E-001
        </k_point>
        <npw>890</npw>
        <eigenvalues size="6">
 -5.252756995655579E-002  6.403888200160067E-002  2.052615707172498E-001
  3.350893276142551E-001  7.434313988452710E-001
  9.233281852406497E-001
        </eigenvalues>
        <occupations size="6">
  1.000000000000000E+000  1.000000000000000E+000  1.000000000000000E+000
  1.000000000000000E+000  0.000000000000000E+000
  0.000000000000000E+000
        </occupations>
      </ks_energies>
      <ks_energies>
        <k_point weight="2.3437500000000000E-002">
  0.000000000000000E+000 -4.819004535778929E-001  4.819004535778929E-001
        </k_point>
        <npw>889</npw>
        <eigenvalues size="6">
 -1.351499843189350E-001  1.699768033236498E-001  2.103297953052327E-001
  3.789009352323872E-001  7.829260428339631E-001
  8.584418584493346E-001
        </eigenvalues>
        <occupations size="6">
  1.000000000000000E+000  1.000000000000000E+000  1.000000000000000E+000
  1.000000000000000E+000  0.000000000000000E+000
  0.000000000000000E+000
        </occupations>
      </ks_energies>
      <ks_energies>
        <k_point weight="4.6875000000000000E-002">
 -1.204751133944733E-001 -8.433257937613126E-001  8.433257937613126E-001
        </k_point>
        <npw>899</npw>
        <eigenvalues size="6">
 -4.160241540049266E-002  9.755781251707681E-002  2.199090582225037E-001
  2.719113717083074E-001  6.747164324992412E-001
  7.493647927122459E-001
        </eigenvalues>
        <occupations size="6">
  1.000000000000000E+000  1.000000000000000E+000  1.000000000000000E+000
  1.000000000000000E+000  0.000000000000000E+000
  0.000000000000000E+000
        </occupations>
      </ks_energies>
      <ks_energies>
        <k_point weight="2.3437500000000000E-002">
  1.204751133944733E-001  8.433257937613128E-001  8.433257937613128E-001
        </k_point>
        <npw>899</npw>
        <eigenvalues size="6">
 -4.160337438862750E-002  9.756132746797130E-002  2.199147561410726E-001
  2.719023348052497E-001  6.747104776926052E-001
  7.493706193699410E-001
        </eigenvalues>
        <occupations size="6">
  1.000000000000000E+000  1.000000000000000E+000  1.000000000000000E+000
  1.000000000000000E+000  0.000000000000000E+000
  0.000000000000000E+000
        </occupations>
      </ks_energies>
      <ks_energies>
        <k_point weight="2.3437500000000000E-002">
  0.000000000000000E+000 -7.228506803668393E-001  7.228506803668393E-001
        </k_point>
        <npw>890</npw>
        <eigenvalues size="6">
  1.280602339819132E-002  5.857777509866362E-002  1.476148066298882E-001
  2.924299940404556E-001  7.005902711489164E-001
  8.860980726657955E-001
        </eigenvalues>
        <occupations size="6">
  1.000000000000000E+000  1.000000000000000E+000  1.000000000000000E+000
  1.000000000000000E+000  0.000000000000000E+000
  0.000000000000000E+000
        </occupations>
      </ks_energies>
      <ks_energies>
        <k_point weight="4.6875000000000000E-002">
  4.819004535778929E-001  2.409502267889465E-001 -1.387778780781446E-017
        </k_point>
        <npw>893</npw>
        <eigenvalues size="6">
 -1.948514425186451E-001  2.504722482894972E-001  2.876465933081813E-001
  3.835459167111457E-001  7.326596189187126E-001
  8.599345208799334E-001
        </eigenvalues>
        <occupations size="6">
  1.000000000000000E+000  1.000000000000000E+000  1.000000000000000E+000
  1.000000000000000E+000  0.000000000000000E+000
  0.000000000000000E+000
        </occupations>
      </ks_energies>
      <ks_energies>
        <k_point weight="4.6875000000000000E-002">
 -3.614253401834196E-001 -6.023755669723662E-001  8.433257937613127E-001
        </k_point>
        <npw>892</npw>
        <eigenvalues size="6">
 -1.205225145339463E-001  1.279613771495928E-001  2.590114307037372E-001
  3.396768400809628E-001  7.841518317500752E-001
  8.453770179548673E-001
        </eigenvalues>
        <occupations size="6">
  1.000000000000000E+000  1.000000000000000E+000  1.000000000000000E+000
  1.000000000000000E+000  0.000000000000000E+000
  0.000000000000000E+000
        </occupations>
      </ks_energies>
      <ks_energies>
        <k_point weight="4.6875000000000000E-002">
  3.614253401834198E-001  6.023755669723662E-001  8.433257937613127E-001
        </k_point>
        <npw>892</npw>
        <eigenvalues size="6">
 -1.205231375204379E-001  1.279713786353682E-001  2.589991031468576E-001
  3.396798912069233E-001  7.841468480603431E-001
  8.453717053815428E-001
        </eigenvalues>
        <occupations size="6">
  1.000000000000000E+000  1.000000000000000E+000  1.000000000000000E+000
  1.000000000000000E+000  0.000000000000000E+000
  0.000000000000000E+000
        </occupations>
      </ks_energies>
      <ks_energies>
        <k_point weight="4.6875000000000000E-002">
 -8.433257937613126E-001 -3.614253401834198E-001  6.023755669723663E-001
        </k_point>
        <npw>892</npw>
        <eigenvalues size="6">
 -1.205222690024056E-001  1.279599406825661E-001  2.589965933208052E-001
  3.396961721039650E-001  7.841547656279042E-001
  8.453697089311019E-001
        </eigenvalues>
        <occupations size="6">
  1.000000000000000E+000  1.000000000000000E+000  1.000000000000000E+000
  1.000000000000000E+000  0.000000000000000E+000
  0.000000000000000E+000
        </occupations>
      </ks_energies>
      <ks_energies>
        <k_point weight="2.3437500000000000E-002">
  2.409502267889466E-001  4.819004535778929E-001  7.228506803668394E-001
        </k_point>
        <npw>882</npw>
        <eigenvalues size="6">
 -5.008801752218643E-002  3.558165620273972E-002  2.576943219005033E-001
  3.173978168481045E-001  7.967049537352155E-001
  8.383189915903877E-001
        </eigenvalues>
        <occupations size="6">
  1.000000000000000E+000  1.000000000000000E+000  1.000000000000000E+000
  1.000000000000000E+000  0.000000000000000E+000
  0.000000000000000E+000
        </occupations>
      </ks_energies>
      <ks_energies>
        <k_point weight="2.3437500000000000E-002">
 -7.228506803668393E-001 -2.409502267889465E-001  4.819004535778930E-001
        </k_point>
        <npw>882</npw>
        <eigenvalues size="6">
 -5.008116011593895E-002  3.556576395808335E-002  2.576880792963474E-001
  3.174156617423943E-001  7.967323398216313E-001
  8.382976446385131E-001
        </eigenvalues>
        <occupations size="6">
  1.000000000000000E+000  1.000000000000000E+000  1.000000000000000E+000
  1.000000000000000E+000  0.000000000000000E+000
  0.000000000000000E+000
        </occupations>
      </ks_energies>
      <ks_energies>
        <k_point weight="4.6875000000000000E-002">
 -2.409502267889465E-001 -7.228506803668393E-001  9.638009071557858E-001
        </k_point>
        <npw>896</npw>
        <eigenvalues size="6">
 -9.494197853169167E-002  1.584589670375691E-001  2.327659430377975E-001
  2.714345848241362E-001  7.238371451116732E-001
  8.079370905489534E-001
        </eigenvalues>
        <occupations size="6">
  1.000000000000000E+000  1.000000000000000E+000  1.000000000000000E+000
  1.000000000000000E+000  0.000000000000000E+000
  0.000000000000000E+000
        </occupations>
      </ks_energies>
      <ks_energies>
        <k_point weight="4.6875000000000000E-002">
 -1.204751133944732E-001 -6.023755669723664E-001  8.433257937613128E-001
        </k_point>
        <npw>893</npw>
        <eigenvalues size="6">
 -1.447923346974853E-002  7.931875102942038E-002  1.807474508193359E-001
  2.564555709171624E-001  7.684294293445817E-001
  8.920364763548427E-001
        </eigenvalues>
        <occupations size="6">
  1.000000000000000E+000  1.000000000000000E+000  1.000000000000000E+000
  1.000000000000000E+000  0.000000000000000E+000
  0.000000000000000E+000
        </occupations>
      </ks_energies>
      <ks_energies>
        <k_point weight="4.6875000000000000E-002">
  1.204751133944732E-001  6.023755669723663E-001  8.433257937613126E-001
        </k_point>
        <npw>893</npw>
        <eigenvalues size="6">
 -1.448340497153614E-002  7.933106692537858E-002  1.807442779332278E-001
  2.564498508217818E-001  7.684214269511445E-001
  8.920403933565011E-001
        </eigenvalues>
        <occupations size="6">
  1.000000000000000E+000  1.000000000000000E+000  1.000000000000000E+000
  1.000000000000000E+000  0.000000000000000E+000
  0.000000000000000E+000
        </occupations>
      </ks_energies>
      <ks_energies>
        <k_point weight="4.6875000000000000E-002">
 -8.433257937613128E-001 -1.204751133944733E-001  6.023755669723660E-001
        </k_point>
        <npw>893</npw>
        <eigenvalues size="6">
 -1.447821220605491E-002  7.931737682869286E-002  1.807405987338285E-001
  2.564636428184706E-001  7.684309666876636E-001
  8.920353775272529E-001
        </eigenvalues>
        <occupations size="6">
  1.000000000000000E+000  1.000000000000000E+000  1.000000000000000E+000
  1.000000000000000E+000  0.000000000000000E+000
  0.000000000000000E+000
        </occupations>
      </ks_energies>
      <ks_energies>
        <k_point weight="4.6875000000000000E-002">
  0.000000000000000E+000 -4.819004535778929E-001  7.228506803668393E-001
        </k_point>
        <npw>895</npw>
        <eigenvalues size="6">
 -4.351754674249769E-002  1.072674652235563E-001  1.640438606862286E-001
  2.885708196952799E-001  7.992397481026606E-001
  8.867086085066087E-001
        </eigenvalues>
        <occupations size="6">
  1.000000000000000E+000  1.000000000000000E+000  1.000000000000000E+000
  1.000000000000000E+000  0.000000000000000E+000
  0.000000000000000E+000
        </occupations>
      </ks_energies>
    </band_structure>
    <forces rank="2" dims="           3           2">
  1.705512007630758E-005  1.705512007630758E-005  1.705512007630758E-005
 -1.705512007630758E-005 -1.705512007630758E-005 -1.705512007630758E-005
    </forces>
    <stress rank="2" dims="           3           3">
  2.782581894506612E-005 -3.183584224379181E-008 -3.183584224379520E-008
 -3.183584224378842E-008  2.782581894506612E-005 -3.183584224378842E-008
 -3.183584224379520E-008 -3.183584224379520E-008  2.782581894506611E-005
    </stress>
  </output>
  <exit_status>0</exit_status>
  <timing_info>
    <total label="PWSCF">
      <cpu>5.267766000000000E+000</cpu>
      <wall>8.796582221984863E+000</wall>
    </total>
    <partial label="init_run" calls="2">
      <cpu>2.354229999999999E-001</cpu>
      <wall>4.561939239501953E-001</wall>
    </partial>
    <partial label="hinit0" calls="2">
      <cpu>8.030599999999977E-002</cpu>
      <wall>1.544289588928223E-001</wall>
    </partial>
    <partial label="init_vloc" calls="7">
      <cpu>8.680000000000465E-003</cpu>
      <wall>1.884508132934570E-002</wall>
    </partial>
    <partial label="init_us_1" calls="2">
      <cpu>1.899999999999125E-005</cpu>
      <wall>3.528594970703125E-004</wall>
    </partial>
    <partial label="fft" calls="524">
      <cpu>6.269600000000608E-002</cpu>
      <wall>1.111268997192383E-001</wall>
    </partial>
    <partial label="potinit" calls="2">
      <cpu>1.331300000000013E-002</cpu>
      <wall>3.104186058044434E-002</wall>
    </partial>
    <partial label="v_of_rho" calls="35">
      <cpu>5.576500000000006E-002</cpu>
      <wall>9.301567077636719E-002</wall>
    </partial>
    <partial label="v_xc" calls="49">
      <cpu>7.910499999999843E-002</cpu>
      <wall>1.280045509338379E-001</wall>
    </partial>
    <partial label="v_h" calls="35">
      <cpu>2.153999999999989E-003</cpu>
      <wall>3.563404083251953E-003</wall>
    </partial>
    <partial label="wfcinit" calls="2">
      <cpu>1.352479999999998E-001</cpu>
      <wall>2.602748870849609E-001</wall>
    </partial>
    <partial label="init_us_2" calls="4810">
      <cpu>1.626149999999988E-001</cpu>
      <wall>2.619242668151855E-001</wall>
    </partial>
    <partial label="wfcinit:atom" calls="130">
      <cpu>2.613999999999894E-003</cpu>
      <wall>5.152940750122070E-003</wall>
    </partial>
    <partial label="atomic_wfc" calls="130">
      <cpu>2.571000000000545E-003</cpu>
      <wall>5.095243453979492E-003</wall>
    </partial>
    <partial label="wfcinit:wfcr" calls="130">
      <cpu>1.167429999999978E-001</cpu>
      <wall>2.238485813140869E-001</wall>
    </partial>
    <partial label="wfcrot" calls="130">
      <cpu>1.167039999999973E-001</cpu>
      <wall>2.237756252288818E-001</wall>
    </partial>
    <partial label="rotwfck" calls="130">
      <cpu>1.165079999999978E-001</cpu>
      <wall>2.233629226684570E-001</wall>
    </partial>
    <partial label="rotwfck:hpsi" calls="130">
      <cpu>1.072570000000010E-001</cpu>
      <wall>2.051389217376709E-001</wall>
    </partial>
    <partial label="h_psi_bgrp" calls="10033">
      <cpu>2.966781999999996E+000</cpu>
      <wall>5.015696287155151E+000</wall>
    </partial>
    <partial label="h_psi" calls="10033">
      <cpu>2.963386000000022E+000</cpu>
      <wall>5.010292768478394E+000</wall>
    </partial>
    <partial label="h_psi:pot" calls="10033">
      <cpu>2.948856000000034E+000</cpu>
      <wall>4.984901905059814E+000</wall>
    </partial>
    <partial label="vloc_psi" calls="10033">
      <cpu>2.437483000000033E+000</cpu>
      <wall>4.121706962585449E+000</wall>
    </partial>
    <partial label="fftw" calls="95166">
      <cpu>2.338786000000118E+000</cpu>
      <wall>3.938947916030884E+000</wall>
    </partial>
    <partial label="h_psi:calbec" calls="10033">
      <cpu>2.690829999999664E-001</cpu>
      <wall>4.544355869293213E-001</wall>
    </partial>
    <partial label="calbec" calls="17768">
      <cpu>5.860959999999888E-001</cpu>
      <wall>9.314711093902588E-001</wall>
    </partial>
    <partial label="add_vuspsi" calls="10033">
      <cpu>2.351040000000353E-001</cpu>
      <wall>3.973095417022705E-001</wall>
    </partial>
    <partial label="rotwfck:hc" calls="130">
      <cpu>5.687999999997029E-003</cpu>
      <wall>1.120090484619141E-002</wall>
    </partial>
    <partial label="rotwfck:diag" calls="130">
      <cpu>1.314000000001592E-003</cpu>
      <wall>2.581357955932617E-003</wall>
    </partial>
    <partial label="cdiaghg" calls="9513">
      <cpu>1.124719999999453E-001</cpu>
      <wall>1.911253929138184E-001</wall>
    </partial>
    <partial label="rotwfck:evc" calls="130">
      <cpu>2.141000000000837E-003</cpu>
      <wall>4.221916198730469E-003</wall>
    </partial>
    <partial label="electrons" calls="7">
      <cpu>4.379525000000001E+000</cpu>
      <wall>7.347218036651611E+000</wall>
    </partial>
    <partial label="c_bands" calls="29">
      <cpu>3.921625000000004E+000</cpu>
      <wall>6.600799083709717E+000</wall>
    </partial>
    <partial label="cegterg" calls="1885">
      <cpu>3.742939000000019E+000</cpu>
      <wall>6.307409286499023E+000</wall>
    </partial>
    <partial label="cegterg:init" calls="1885">
      <cpu>5.689800000000034E-002</cpu>
      <wall>9.441733360290527E-002</wall>
    </partial>
    <partial label="cegterg:upda" calls="8018">
      <cpu>1.389010000000201E-001</cpu>
      <wall>2.373139858245850E-001</wall>
    </partial>
    <partial label="g_psi" calls="8018">
      <cpu>2.963499999996966E-002</cpu>
      <wall>5.051922798156738E-002</wall>
    </partial>
    <partial label="cegterg:over" calls="8018">
      <cpu>2.662559999999923E-001</cpu>
      <wall>4.514932632446289E-001</wall>
    </partial>
    <partial label="cegterg:diag" calls="9383">
      <cpu>1.147509999999698E-001</cpu>
      <wall>1.946043968200684E-001</wall>
    </partial>
    <partial label="cegterg:last" calls="5772">
      <cpu>2.377510000000056E-001</cpu>
      <wall>4.028022289276123E-001</wall>
    </partial>
    <partial label="sum_band" calls="29">
      <cpu>4.012220000000024E-001</cpu>
      <wall>6.503424644470215E-001</wall>
    </partial>
    <partial label="sum_band:wei" calls="29">
      <cpu>8.599999999958641E-005</cpu>
      <wall>1.451969146728516E-004</wall>
    </partial>
    <partial label="sum_band:loo" calls="29">
      <cpu>3.955929999999990E-001</cpu>
      <wall>6.412410736083984E-001</wall>
    </partial>
    <partial label="sum_band:buf" calls="1885">
      <cpu>7.838000000004897E-003</cpu>
      <wall>1.276755332946777E-002</wall>
    </partial>
    <partial label="sum_band:ini" calls="1885">
      <cpu>6.274700000000433E-002</cpu>
      <wall>1.013896465301514E-001</wall>
    </partial>
    <partial label="ffts" calls="29">
      <cpu>1.311999999999536E-003</cpu>
      <wall>2.117156982421875E-003</wall>
    </partial>
    <partial label="sum_band:sym" calls="29">
      <cpu>3.417000000002446E-003</cpu>
      <wall>5.489826202392578E-003</wall>
    </partial>
    <partial label="mix_rho" calls="29">
      <cpu>7.620000000001070E-003</cpu>
      <wall>1.269435882568359E-002</wall>
    </partial>
    <partial label="high_freq_mi" calls="21">
      <cpu>2.650000000015140E-004</cpu>
      <wall>4.317760467529297E-004</wall>
    </partial>
    <partial label="ions" calls="7">
      <cpu>6.374070000000005E-001</cpu>
      <wall>9.596745967864990E-001</wall>
    </partial>
    <partial label="forces" calls="7">
      <cpu>1.231610000000005E-001</cpu>
      <wall>1.853487491607666E-001</wall>
    </partial>
    <partial label="frc_us" calls="7">
      <cpu>1.048380000000009E-001</cpu>
      <wall>1.576638221740723E-001</wall>
    </partial>
    <partial label="frc_lc" calls="7">
      <cpu>1.460999999999046E-003</cpu>
      <wall>2.173900604248047E-003</wall>
    </partial>
    <partial label="frc_cc" calls="7">
      <cpu>1.466300000000054E-002</cpu>
      <wall>2.216196060180664E-002</wall>
    </partial>
    <partial label="frc_scc" calls="7">
      <cpu>1.545000000001018E-003</cpu>
      <wall>2.369165420532227E-003</wall>
    </partial>
    <partial label="stress" calls="7">
      <cpu>5.016940000000005E-001</cpu>
      <wall>7.559590339660645E-001</wall>
    </partial>
    <partial label="update_pot" calls="5">
      <cpu>1.129899999999973E-002</cpu>
      <wall>1.626896858215332E-002</wall>
    </partial>
  </timing_info>
  <closed DATE="27 Nov 2025" TIME="12:53:41"></closed>
</qes:espresso>
